id,title,author,country,言語,published_date_from,published_data_to,shopping_link,summary,trivia_1,trivia_2,trivia_3
1,千夜一夜物語,ー,イラク／イラン／インド／シリア／エジプト／タジキスタン,アラビア語,700,1500,https://a.r10.to/hYzMc6,アラビア語で編まれた物語群であり、ペルシアやインド、シリア、エジプトなど多様な地域の説話が織り交ぜられている。王妃の不貞に怒ったシャフリヤール王が毎夜新たな女性を迎えては翌朝に処刑するという残酷な掟を敷くが、機転に富むシェヘラザードが自ら進んで王に嫁ぎ、千一夜にわたり物語を語り続ける。語りが途切れると彼女の命は失われるため、毎夜物語を途中で区切り、王の好奇心を巧みに操ったのである。この枠物語の中に、アラジンの魔法のランプ、アリババと四十人の盗賊、船乗りシンドバッドの冒険など、多彩な物語が挿入される。物語は東方の幻想と現実の欲望を融合させ、時にユーモラスで時に残酷である。異文化の交流と口承文芸の力を示す作品群であり、単なる娯楽ではなく人間の知恵と生存への執念を象徴する文学である。,アラブ世界だけでなく、ペルシア・インドなど多地域の説話を集めた作品。,「アラジン」「アリババ」などは後世に加筆された話。,版ごとに収録内容がかなり異なる。
2,ヨブ記,ー,アケメネス朝ペルシア,聖書ヘブライ語,-700,-301,https://a.r10.to/h5FPGq,旧約聖書に収められた叙事詩的物語である。舞台はアケメネス朝ペルシアの影響を受けた時代とされ、主人公ヨブは敬虔で正しい人物として描かれる。彼は莫大な財産と大家族に恵まれていたが、神とサタンとの試みにより、一瞬にして家族を失い、財産を奪われ、全身に病を負わされる。友人たちは彼を慰めるどころか、罪のゆえに罰を受けたのだと非難する。ヨブは苦悩と反発の言葉を口にするが、最後には神の圧倒的な存在と創造の偉大さの前に沈黙し、信仰を回復する。結末では彼は再び祝福を受け、豊かな家族と財を取り戻す。人間の苦難と無垢の意味、神の正義と沈黙の問題を問うこの書は、単なる宗教書にとどまらず、存在そのものをめぐる哲学的対話として読み継がれてきた。,旧約聖書の中でも哲学的に重要なテキストとされる。,イスラム教でもヨブの物語は引用される。,ミルトンやカフカなど後世の文学に影響を与えた。
3,ニャールのサガ,ー,アイスランド,古ノルド語,1201,1300,https://a.r10.to/hRh4mV,13世紀頃にアイスランドで記された古ノルド語のサガ文学の代表作である。物語はアイスランド社会における法と復讐のせめぎ合いを描く。主人公は知恵深く法に通じたニャールであり、彼の家族や友人をめぐる血の復讐劇が展開する。婚姻や土地をめぐる対立から始まり、小さな争いが次第に拡大し、一族同士の抗争へと発展する。ニャールは法による解決を目指すが、暴力の連鎖を止めることはできず、ついには家ごと焼き討ちに遭い、一族とともに殉じる。作品は単なる英雄譚ではなく、法の未成熟さと人間の激情がいかに社会を崩壊させるかを示す。北欧的な宿命観と共同体の在り方が交錯し、後世の文学に深い影響を与えた壮大な叙事である。,600人近い登場人物を含む長大なサガ文学。,法と復讐をテーマに、中世アイスランド社会を反映。,19世紀以降は法学や文化研究の資料としても活用された。
4,ギルガメシュ叙事詩,ー,シュメール / アッカド帝国,アッカド語,-1800,-1601,https://a.r10.to/hPWTX7,人類最古級の叙事詩であり、メソポタミア文明の精神世界を映す。ウルクの王ギルガメシュは暴君として人々を苦しめたが、神々は彼に対抗する存在として野人エンキドゥを創り出す。二人は戦いを経て友情を結び、怪物フンババ討伐や天の牡牛退治などの冒険を重ねる。しかしエンキドゥは神々の裁きで病に倒れ、死を迎える。友の死に直面したギルガメシュは、己の死を恐れて不死を求める旅に出る。洪水伝説を生き延びたウトナピシュティムを訪ねるが、不死の秘法を得ることはできず、結局は人間の限界を悟る。詩は、人間存在の有限性と友情の尊さを描き、古代から現代に至るまで「生きる意味」を問い続ける普遍的な物語として響き続けている。,現存する世界最古級の叙事詩で、粘土板に刻まれた。,大洪水伝説はノアの箱舟との共通点がある。,主題は死と永遠の名声という普遍的な問い。
5,崩れゆく絆,アチェべ,ナイジェリア,英語,1958,1958,https://a.r10.to/hkTYpX,ナイジェリアの作家アチェべによる代表作であり、植民地支配に直面するイボ社会の崩壊を描く。主人公オコンコウは力強く戦士として名声を得た男であり、伝統的価値観に固執して生きる。しかし白人宣教師と植民地行政が村に進出すると、古来の信仰や共同体の規範が揺らぎ始める。息子はキリスト教に改宗し、仲間は植民地体制に順応していく中、オコンコウは孤立を深める。彼の頑なな態度は次第に悲劇を招き、最後には自死という形で人生を閉じる。小説は西洋文明とアフリカ土着文化の衝突を鋭く描き、ただ一人の英雄の転落劇にとどまらず、共同体全体の運命を象徴する。言葉の力と伝承の響きが重層的に織り込まれた、近代アフリカ文学の出発点とされる作品である。,植民地支配を現地の視点で描いた最初期のアフリカ小説。,タイトルはイェイツの詩「再臨」から引用。,英語で書かれたがイボ族の口承文化を多用。
6,ベルリン・アレクサンダー広場,アルフレート・デーブリーン,ドイツ,ドイツ語,1929,1929,https://a.r10.to/hYzN6Y,1929年、ドイツ文学に新たな地平を開いたモダニズム小説である。主人公フランツ・ビーバーコップは、殺人で服役した後に出所し、再び真っ当な人生を歩もうと決意する。しかしベルリンの下層社会は彼を容赦なく呑み込み、暴力、裏切り、犯罪の渦に巻き込んでいく。デーブリーンは都市の雑踏やラジオ、新聞記事をコラージュのように文体に組み込み、断片的で圧倒的な都市の声を描き出す。ビーバーコップは再起を試みるたびに堕落し、恋人の死によって絶望の淵に追い込まれる。だが最後には人間としてのわずかな尊厳を取り戻し、新しい生の境地に至る。作品はヴァイマル期のベルリンの混沌を背景に、人間の弱さと希望を描く壮大な都市叙事詩である。,ドイツ文学モダニズムを代表する作品。,ラジオや映画など多様なメディアに翻案された。,ベルリンの都市そのものが登場人物のように描かれる。
7,アンデルセン童話集,アンデルセン,デンマーク,デンマーク語,1835,1837,https://a.r10.to/h5K0Fx,デンマークの童話作家アンデルセンによる作品群であり、子ども向けでありながら深い象徴性と社会批評を秘めている。『みにくいアヒルの子』は外見の差別と成長の希望を描き、『人魚姫』は愛と犠牲、報われぬ思いを通して人間の魂の尊厳を問う。『マッチ売りの少女』は貧困と無垢な祈りを重ね、哀切の中に救済を見いだす。これらの物語は単純な教訓譚にとどまらず、人間存在の孤独や社会の冷酷さを浮かび上がらせる。アンデルセンは自らの貧しい出自や孤独感を作品に投影し、寓話として普遍性を持たせた。童話という枠組みを超えて、彼の物語は詩情豊かに人間の心の奥底に触れ、世代を超えて読み継がれる文化的遺産となっている。,初期は批評家に冷遇されたが後に国際的評価を獲得。,「人魚姫」や「みにくいアヒルの子」は自己体験を投影。,童話に社会的メッセージが込められている。
8,人形の家,イプセン,ノルウェー,ノルウェー語,1879,1879,https://a.r10.to/hFIdKK,イプセンの代表作であり、近代演劇の転換点とされる戯曲である。主人公ノラは一見幸福な家庭の妻として描かれるが、実は夫トルヴァルドに隠れて借金をし、彼を支えていた。その秘密が暴かれると、彼女の犠牲や愛は軽んじられ、夫の保身が露わとなる。ノラは自らの生を「人形のように操られてきた」と悟り、子どもと家庭を捨てて独立を選ぶ。この衝撃的な結末は当時の観客に強烈な議論を巻き起こした。戯曲は家庭の倫理や性別役割を問い、近代的な自己意識の目覚めを描く。ノラの扉を閉じる音は、女性解放の象徴として文学史に刻まれ、今もなお現代の読者や観客に挑発的な問いを投げかける作品である。,ノラの行動は当時大きな社会的議論を呼んだ。,初演時はラストを改変しないと上演できない劇場もあった。,フェミニズム演劇の先駆けとして再演が多い。
9,灯台へ,ヴァージニア・ウルフ,イギリス,英語,1927,1927,https://a.r10.to/hNn1g2,ヴァージニア・ウルフの代表作であり、意識の流れを駆使したモダニズム文学の金字塔である。舞台はラムジー家とその友人たちが訪れるスコットランドの島であり、灯台への旅が象徴的に繰り返される。前半は母を中心とした家庭的な情景が描かれ、戦争と時間の流れを挟んで後半は母を失った後の空虚な世界が続く。ウルフは登場人物の内面を緻密に追い、言葉にならぬ感情や記憶を多声的に交錯させる。灯台は到達し得ぬ理想や時間の彼方を象徴し、物語全体が生と死、記憶と喪失をめぐる瞑想となる。従来の筋立てを拒み、内的世界の詩的な流れを重視したこの作品は、20世紀文学の革新を告げるものである。,「意識の流れ」技法を駆使した代表作。,モデルの灯台はスコットランドのスカイ島に現存。,英文学だけでなく心理学や美術批評にも影響。
10,アエネーイス,ウェルギリウス,ローマ帝国,古典ラテン語,-29,-19,https://a.r10.to/hRI6we,ウェルギリウスがローマ帝国の理念を詩のかたちに結晶させた叙事詩である。トロイア滅亡を生き延びた英雄アエネアスは、神託に導かれて地中海を漂流し、宿命の地イタリアを目指す。彼はカルタゴの女王ディードーとの恋と別れを経験し、冥府で祖霊と邂逅してローマの未来図を示される。戦いの場面では個の勇を讃えつつ、個人の感情よりも共同体の使命が優先される秩序が強調される。詩はホメロスの様式を継承しながらも、ローマ的徳（ピエタス）を核に、敗者の記憶と建国の暴力を併せ持つ国家の正当化を描く。ゆえに作品は勝者の栄光の賛歌であると同時に、犠牲のうえに築かれる歴史の陰影を刻み込む二重のテクストである。,ローマ建国神話を国家的叙事詩として描いた。,ホメロス作品を強く意識した構成。,ダンテや人文主義者に大きな影響を与えた。
11,ロリータ,ウラジーミル・ナボコフ,ロシア／アメリカ合衆国,英語,1955,1955,https://a.r10.to/hNiB6l,ナボコフが英語で記した挑発的な小説である。語り手ハンバートは、12歳の少女ドロレス・ヘイズ――彼にとっての“ロリータ”――への耽溺を、流麗な文体と皮肉で飾り立てる。彼は自己正当化に満ちた回想を綴るが、その隙間から支配と搾取の現実が滲み出る。アメリカのハイウェイ、モーテル、遊園地といった風景は、無垢の消費と欲望の移動性を象徴し、罪悪は風景の明るさに反照されてさらに暗い。小説は倫理の境界を試しつつ、言葉がいかに現実を誘惑し、隠蔽しうるかを実験するメタフィクションである。読者は語りの魅惑に引き込まれつつも、最後に残るのは言葉の美と取り返しのつかない傷である。,ロシア出身のナボコフが英語で書いた小説で、1955年にパリで刊行。,語り手の一人称視点による操作が特徴的で、信頼できない語り手の典型例とされる。,発表当初は発禁処分を受けたが、後に20世紀文学の代表作と見なされるようになった。
12,ダロウェイ夫人,ウルフ,イギリス,英語,1925,1925,https://a.r10.to/hFtZsA,ウルフの円熟を示す長編であり、ロンドンの一日を通じて複数の意識が重なり合う。クラリッサ・ダロウェイは夜会の準備をしながら青春の選択を回想し、戦争神経症に苦しむセプティマスは現実の裂け目を見つめる。都市の鐘は時間を刻み、通行人の思念が波紋のように広がって互いに触れ合う。物語は事件よりも感覚の連鎖を重んじ、現在・過去・想像が自在に交錯する。クラリッサの“生の肯定”は、セプティマスの死と対位法をなし、個の孤独を抱えた共同体のかたちを照らし出す。ウルフは意識の流れを透明なリズムで紡ぎ、言葉が静かに世界を照らす瞬間を捉える。日常の表皮を剥ぐことで、存在の脆さと輝きが同時に立ち上がる作品である。,1925年刊行。ロンドンの1日を通してクラリッサ・ダロウェイの意識を描く。,ビッグ・ベンの鐘の音が時間構造の要として繰り返し登場する。,当初の仮題は『The Hours』で、後年の同名小説・映画に影響を与えた。
13,メデイア,エウリピデス,ギリシャ,古代ギリシャ語,-431,-431,https://a.r10.to/hgSuqM,古代ギリシャ悲劇作家エウリピデスの代表作であり、裏切りと復讐の極限を描く。メデイアは異国の王女として夫イアソンに尽くしたが、彼が権力を求めて新たな妃を迎えようとすると、愛は憎悪へと転じる。彼女は魔術の知を駆使して相手の王女を毒殺し、さらには自らの子をも手にかける。母性を否定するかのような行為は観客に戦慄を与え、同時に女性の激情と孤立を赤裸々に浮かび上がらせる。劇は人間の理性を超える情念の力と、神々の沈黙の冷酷さを同時に提示する。メデイアは怪物であると同時に被害者でもあり、観客は彼女を断罪しきれない。作品は愛と裏切り、性と権力の問題を鋭く問う永遠の悲劇である。,紀元前431年に初演されたギリシャ悲劇で、作者はエウリピデス。,子殺しの犯人をメデイア本人としたのはエウリピデスの独自解釈。,神話的要素と人間心理のリアリズムが混在する革新的作品。
14,物語集,エドガー・アラン・ポー,アメリカ合衆国,英語,1832,1849,https://a.r10.to/hPb1zB,エドガー・アラン・ポーが19世紀アメリカ文学に刻んだ短編群であり、恐怖と幻想の文学を確立した。『アッシャー家の崩壊』は没落する一族の宿命を描き、『黒猫』や『告げ口心臓』では罪悪感が狂気へと転化する過程を緻密に描写する。彼の物語は心理の闇を探求し、理性では制御できぬ不安を形象化した。加えて『モルグ街の殺人』は近代探偵小説の原型を提示し、推理と分析の快楽を示す。詩的文体と論理性が共存する独特の作品群は、後世の文学や映画に計り知れぬ影響を与えた。恐怖は単なる娯楽でなく、人間存在の脆さと無意識の深淵を映す鏡であることを、ポーは鮮烈に描き出した。,1830年代以降に書かれた短編群をまとめたもので、推理小説の起源とされる作品を含む。,ポーは『統一効果』の理論を提唱し、短編文学の形式を確立した。,恐怖小説だけでなく、科学的想像力やユーモア短編も収録されている。
15,嵐が丘,エミリ・ブロンテ,イギリス,英語,1847,1847,https://a.r10.to/hPTTZE,エミリ・ブロンテ唯一の長編小説であり、荒涼たるヨークシャーの荒野を背景に愛と復讐が錯綜する。孤児ヒースクリフはカースル家に迎えられるが、身分差と差別に苦しみ、やがて愛するキャサリンに裏切られる。屈辱と喪失は彼を復讐の鬼と化し、次世代にまで呪いのような影を落とす。作品はゴシック的恐怖と激情に彩られつつも、自然の荒野が登場人物の内面を象徴する詩的表現に満ちている。愛は破壊的でありながら不可避の力として描かれ、人間存在の矛盾を体現する。狂気と情熱の交錯は当時理解されず、長らく評価を得なかったが、今日では19世紀英国文学の金字塔として位置づけられている。,エミリ・ブロンテ唯一の長編小説で、1847年に『エリス・ベル』名義で出版。,複数の語り手が入れ子状に物語を語る構成を取っている。,ヨークシャーの荒野の風景描写が登場人物の激情と密接に結びついている。
16,イーダの長い夜,エルサ・モランテ,イタリア,イタリア語,1974,1974,なし,イタリアの作家エルサ・モランテが第二次世界大戦下のローマを舞台に描いた長編である。未亡人イーダは息子を育てながら、戦火と空襲の恐怖に翻弄される。彼女は軍人との短い関係からもう一人の息子ウーゼペを授かるが、彼の存在はイーダの人生に苦難と同時に希望をもたらす。物語は市井の庶民の視点から戦争の暴力と飢餓を描き、国家やイデオロギーの大義とは無縁の「生き延びること」の切実さを浮かび上がらせる。母と子の絆は過酷な状況下で試され、喪失と犠牲を経て人間の尊厳を守ろうとする姿が胸を打つ。モランテは叙情的な筆致と冷徹な観察を交え、戦争文学を超えた普遍的な人間ドラマを創出した。,イタリアの作家エルサ・モランテによる長編で、第二次大戦期のローマが舞台。,史的事実と市井の人々の生活が交錯する構成が特徴。,刊行直後からベストセラーとなり、社会的議論を呼んだ。
17,変身物語,オウィディウス,ローマ帝国,古典ラテン語,1,100,https://a.r10.to/hFcGG4,古代ローマの詩人オウィディウスによる『変身物語』は、天地創造からカエサル神格化までを網羅する壮大な物語詩である。神々と人間の物語は変身というモチーフで結ばれ、ダフネが月桂樹に、ナルキッソスが水仙に変わるなど、欲望と悲哀の果てに形態を変じて存続する。オウィディウスは叙事詩の重厚さよりも機知と流麗な語りを重んじ、多様な逸話を連鎖させた。変身は救済であると同時に罰でもあり、人間存在の不安定さを寓話的に表す。作品は中世からルネサンスに至る芸術の源泉となり、神話の宝庫として後世に読み継がれた。叙事と抒情を融合させた詩の力は、時代を超えて人間の想像力を刺激し続けている。,全15巻にわたる長詩で、ギリシャ神話からローマ史に至るまでの変身譚を描く。,韻律はダクテュロス六歩格で書かれ、西洋文学・美術に大きな影響を与えた。,作者オウィディウスはのちに流刑に処され、本作はその直前に完成したとされる。
18,高慢と偏見,オースティン,イギリス,英語,1813,1813,https://a.r10.to/h52cKm,ジェイン・オースティンの代表作であり、英国田園社会における恋愛と階級の物語である。主人公エリザベス・ベネットは聡明で自立心に富む女性であり、高慢な地主ダーシー氏との出会いは誤解と偏見に満ちていた。両者は互いの弱さを乗り越える過程で真実の愛に至り、結婚により結ばれる。物語は婚姻市場における女性の立場を風刺しつつ、個人の尊厳と選択を肯定する。軽妙な会話と鋭い心理描写は、社交界の駆け引きを生き生きと映し出す。オースティンは恋愛小説の枠を超え、時代の倫理観や階級意識をユーモラスに批評した。結果として本作は、ロマンスであると同時に社会批評の書として今日も世界中で愛読されている。,1813年刊行。初期の題名は『First Impressions』だった。,自由間接話法を駆使し、心理の微妙な揺れを表現した点が特徴。,19世紀英国社会における結婚・相続・階級の問題を鋭く描き出した。
19,シャクンタラー,カーリ・ダーサ,インド,サンスクリット語,-100,-400,https://a.r10.to/h5a7Is,インド古典文学の巨匠カーリダーサによる叙情劇であり、サンスクリット文学の金字塔とされる。王ドゥシャンタは森で美しい娘シャクンタラーと出会い恋に落ち、密かに結婚する。しかし彼が王宮に戻った後、聖者の呪いにより彼は彼女の存在を忘れてしまう。シャクンタラーは苦難のなかで息子を出産し、やがて運命の導きによって再会を果たす。物語は恋愛と誤解、別離と再会を軸に展開し、自然描写の繊細さと抒情詩の響きに満ちている。劇は人間の愛と神々の意志が交錯する叙事的広がりをもち、インド文化における運命観や倫理観を体現する。東洋文学の古典として世界的にも高く評価されている作品である。,サンスクリット文学の代表作で、叙事詩『マハーバーラタ』の挿話を基にしている。,成立はグプタ朝期（4〜5世紀頃）とされるのが通説。,18世紀末の英訳を通じてゲーテらヨーロッパ文学に影響を与えた。
20,審判,カフカ,チェコスロバキア,ドイツ語,1925,1925,https://a.r10.to/hkRvh0,フランツ・カフカが遺稿として残した長編小説であり、近代の不条理を象徴する物語である。主人公ヨーゼフ・Kはある朝、理由も知らされぬまま逮捕され、裁判にかけられる。彼は抗弁を試みるが、裁判所は迷宮のように不透明で、規則も手続きも理解不能である。弁護人や画家との関わりも実を結ばず、彼は次第に無力感にとらわれる。最終的にKは石切り場で処刑され、「犬のように」と蔑まれて生を終える。物語は罪の所在を示さず、法の無慈悲さと人間存在の孤立を強調する。『審判』は20世紀文学において、権力構造の不可解さと人間の不安を描く象徴的テキストとして読み継がれている。,フランツ・カフカの未完の長編で、没後に友人ブロートが編集して刊行。,官僚制と罪の意識をめぐる不条理文学の代表例。,章順は草稿によって異なり、決定版と呼べる構成は存在しない。
21,城,カフカ,チェコスロバキア,ドイツ語,1926,1926,https://a.r10.to/hNFMjA,カフカの未完の長編であり、『審判』と並ぶ代表作である。測量士Kは城に雇われたと信じて村を訪れるが、彼の存在は曖昧にされ続ける。城は近くに見えながらも到達不能であり、村人たちは城の権威に従属し、Kの立場は常に不安定である。彼は役人や宿屋の人々と交わるが、どの関係も確固たるものにならず、目的に辿り着くこともない。物語は結末に至らぬまま途絶えるが、その未完性こそが現代の孤立と権力の不可解さを象徴している。カフカは日常的風景に不安を滲ませ、理不尽な構造の中で生きる人間の姿を描いた。『城』は読者を不条理の迷路に閉じ込める文学的体験であり、今なお多義的な解釈を誘う。,カフカの未完長編で、没後に友人マックス・ブロートが編集・刊行した。,主人公Kが村の官僚機構に接近できない構図は、近代官僚制の不条理を象徴する。,草稿には章順の異同があり、決定版といえる構成は存在しない。
22,カフカ短篇集,カフカ,チェコスロバキア,ドイツ語,1924,1924,https://a.r10.to/hNNRqw,カフカの短篇群は、不条理と日常の境界を曖昧にしながら人間存在の不安を映し出す。『変身』では主人公グレゴールが巨大な虫に変わる衝撃的な設定を通じて、家族関係と孤立を描いた。『掟の門前で』では法の不可解さと到達不能な権威が寓話的に示され、『断食芸人』では芸術と自己消耗の極限が描かれる。これらは一見奇怪でありながら、社会の抑圧や人間の孤独を鋭く突き、現代の普遍的問題を先取りしている。カフカの文体は簡潔で冷ややかだが、そこに潜む寓意は無限の解釈を呼び込む。短篇集はカフカ文学の凝縮形であり、20世紀文学が抱える根源的不安を象徴する作品群である。,『法の前で』『流刑地にて』『学会への報告』など寓話的な短編が含まれる。,生前刊と遺稿にまたがり、編纂方針によって収録作が大きく異なる。,簡潔な文体と抑制的比喩が、罪・夢・法の主題を鮮烈に浮かび上がらせる。
23,異邦人,カミュ,アルジェリア（フランス領時代）,フランス語,1942,1942,https://a.r10.to/hNGiLj,アルベール・カミュの代表作であり、実存主義的問題を鋭く提示する小説である。主人公ムルソーは母の死に涙を流さず、やがて偶発的にアラブ人を殺害する。裁判では彼の行為よりも無表情な態度や価値観の欠如が断罪され、彼は死刑を宣告される。物語は人生の不条理を直視し、世界の無意味さと人間の自由を対置する。ムルソーは最終的に死を受け入れ、宇宙の冷たさの中で自己の存在を肯定する境地に至る。小説はカミュの思想的基盤である「不条理哲学」を体現し、近代人の孤独と自由を問い続ける。『異邦人』は虚無と肯定の両義性を孕み、文学史における決定的な転換点となった作品である。,1942年刊行。不条理思想を小説形式で体現した代表作。,平板な語り口が感情の距離を生み、倫理判断を読者に委ねる構造を持つ。,母の死と裁判の二部構成で、社会の規範と個人の実存が対置される。
24,コレラの時代の愛,ガルシア・マルケス,コロンビア,スペイン語,1985,1985,https://a.r10.to/h5Hbyp,コロンビアの作家ガルシア・マルケスによる長編であり、愛と時間をめぐる壮大な物語である。若きフロレンティーノはフェルミナに恋をするが、彼女は裕福な医師と結婚する。失意の彼は生涯にわたり無数の女性と関係を持ちながらも、心の奥では彼女への愛を燃やし続ける。やがて老境に至り、夫を失ったフェルミナと再会し、二人は川を遡る船上で改めて愛を誓う。小説は五十年にわたる歳月を背景に、官能と忍耐、執念と救済が織り交ぜられる。マルケス特有の魔術的リアリズムは抑えられ、むしろ現実の中に宿る愛の幻想が強調される。『コレラの時代の愛』は愛の永続性と人間の情熱の可能性を静かに讃える傑作である。,カリブ海沿岸都市を舞台に、半世紀以上に及ぶ愛を描いた長編。,マジック・リアリズムを抑え、老い・記憶・疫病の象徴が重ねられる。,手紙や電報など通信手段の変化が、恋愛の時間感覚を物語に刻む。
25,荒野の悪魔,ギマランエス・ローザ,ブラジル,ポルトガル語,1956,1956,なし,ブラジル文学を代表するギマランエス・ローザの長編であり、荒野と人間の魂をめぐる寓話的物語である。語り手リオバルドは、無法地帯セルタォンで生きる群像を描きながら、自らが悪魔と契約を交わしたのではないかという不安を語る。物語は民間伝承、宗教的象徴、哲学的思索が入り混じり、善と悪、自由と宿命の境界を揺さぶる。登場人物たちは暴力と愛欲に翻弄されつつも、自然と共同体の中で生き抜く。言語は実験的かつ詩的であり、口承と文学の融合を試みた。ローザはブラジルの風土を宇宙的規模にまで拡張し、人間存在の根源を問いかける。『荒野の悪魔』はラテンアメリカ文学の革新を象徴する作品である。,ブラジル内陸部セルトンを舞台に、語り手リオバルドの回想独白で進む。,新語や方言の多用など言語実験的特徴を持ち、ブラジル文学の金字塔とされる。,悪魔との契約の真偽を曖昧にし、倫理と運命をめぐる問いを残す。
26,ブリキの太鼓,ギュンター・グラス,ドイツ,ドイツ語,1959,1959,https://a.r10.to/h5dare,ギュンター・グラスの代表作であり、第二次世界大戦と戦後ドイツを風刺的に描く。主人公オスカルは三歳で成長を拒み、以後小人の姿のまま生き続ける。彼の唯一の武器はブリキの太鼓であり、打ち鳴らすことで周囲の偽善や欺瞞を暴き出す。物語はナチズムの狂気と戦後社会の偽りを、オスカルの歪んだ視点を通して映し出す。奇想とグロテスクな描写は現実の不条理を逆照射し、歴史の記録ではなく寓話としての真実を提示する。グラスは過去の責任と記憶の継承を問うと同時に、文学の可能性を拡張した。『ブリキの太鼓』は戦後ドイツ文学の出発点とされ、ノーベル賞受賞作家の代表的成果である。,1959年刊行。ダンツィヒ三部作の第一作にあたる。,主人公オスカルは3歳で成長を止め、自らの太鼓で物語を語る。,幻想的要素と戦争の現実を交錯させ、戦後ドイツ文学の転換点となった。
27,ファウスト,ゲーテ,ザクセン＝ワイマル,ドイツ語,1832,1832,https://a.r10.to/h5TvQA,ゲーテの畢生の大作であり、西欧文学の頂点に位置づけられる悲劇である。学者ファウストは知識の限界に絶望し、悪魔メフィストフェレスと契約を交わす。若さと快楽を得た彼はグレートヒェンとの悲劇的な恋を経て、やがて政治や文明建設に関与する。最終的に彼は人類の幸福を希求しつつ倒れ、その魂は救済される。作品は個人の欲望と普遍的使命、悪との契約と救済の可能性を壮大に描き、哲学・宗教・芸術を総合した世界劇となっている。ゲーテは長年にわたり改稿を重ね、青春の情熱から晩年の叡智までを込めた。『ファウスト』は人間精神の遍歴そのものであり、文学史上不朽の象徴である。,ゲーテの生涯にわたり改稿された大作で、第一部（1808）と第二部（1832）から成る。,多様な詩形を駆使し、西欧の学問・政治・美学を横断する。,メフィストフェレスとの契約は近代人の欲望と救済の象徴。
28,死せる魂,ゴーゴリ,ロシア,ロシア語,1842,1842,https://a.r10.to/hPbI5x,ロシア作家ゴーゴリによる風刺的長編であり、帝政ロシア社会の矛盾を鋭く描く。主人公チチコフは、死んだ農奴を帳簿上で買い集め、財産として担保にして出世を企む。この奇妙な商法は社会の制度的欠陥を突くものであり、地主たちの強欲や愚昧さを炙り出す。物語は滑稽な挿話と奇矯な人物描写で彩られ、笑いの裏に社会の腐敗と停滞を映す。未完に終わったが、その未完成性自体がロシア文学の開かれた問いを象徴する。ゴーゴリは人物の滑稽さの中に人間存在の不安を織り込み、風刺と幻想を融合させた。『死せる魂』は単なる喜劇を超え、近代国家の病理を照射する大いなる文学実験である。,1842年に第一部が刊行されたが、第二部は未完。著者は死の直前に原稿の一部を焼却した。,農奴制下の農民台帳を売買する設定で、帝政ロシアの腐敗を風刺する。,散文でありながら作者自身は「詩」と称し、ジャンル越境的性格を持つ。
29,果樹園,サアディー,イラン,ペルシア語,1257,1257,https://a.r10.to/h5PYRc,ペルシア詩人サアディーによる『果樹園』は、詩と散文を交えた教訓文学である。物語や寓話を通じて人間の徳や道徳、社会的規範が説かれるが、説教臭さに終わらず、機知とユーモアに満ちている。王と庶民、師と弟子の逸話が並置され、人間の愚かさや知恵が対照的に示される。サアディーは人間の弱さを見つめつつ、慈愛と寛容を根底に据えた倫理観を提示する。その語り口は優雅でありながら鋭く、日常の一場面から普遍的真理を導き出す。『果樹園』は東洋の知恵の書として広く読まれ、異文化の橋渡しとして世界文学史においても重要な位置を占める。,1257年成立のペルシア語教訓詩で、二行連詩（マスナヴィー）形式。,翌年の『薔薇園（グリースターン）』と並び、道徳教育の古典とされた。,ペルシア語圏で広く教科書的に読まれ、格言や逸話が文化に定着した。
30,モロイ／マロウンは死ぬ／名付けえぬもの,サミュエル・ベケット,アイルランド共和国,フランス語・英語,1951,1953,https://a.r10.to/hg1oe5,サミュエル・ベケットの三部作『モロイ』『マロウンは死ぬ』『名付けえぬもの』は、存在の意味を徹底的に問い直す実験的文学である。老境にあるモロイやマロウンらは曖昧な語りの中で自己を語り続けるが、物語は結末や秩序を欠き、むしろ言語そのものの崩壊を示す。登場人物は行為よりも思索に沈み、語りは断片的で循環的に展開する。ベケットは近代小説の形式を解体し、沈黙と空白をもって人間存在の不確かさを示す。作品は不条理演劇と同様に、意味の不在と持続する語りの緊張を描き出し、読者を虚無の深淵へ誘う。『三部作』は20世紀文学の極北であり、文学とは何かを問い直す象徴的試みである。,1951〜53年にフランス語で発表され、著者自身が英訳も行った。,語りの自己解体を徹底し、語り手・身体・場所を不確定化する。,終盤にかけて句読点が減少し、意識の独白が極限まで推し進められる。
31,真夜中の子どもたち,サルマン・ラシュディ,イギリス／インド,英語,1981,1981,https://a.r10.to/h5PPQZ,サルマン・ラシュディの代表作であり、魔術的リアリズムを駆使してインド独立以降の歴史を描いた大河小説である。主人公サリームは、インド独立の瞬間に生まれた“真夜中の子どもたち”の一人であり、彼の体験は国家の運命と重ね合わされる。彼と同時刻に生まれた千人の子どもたちは特異な能力を持ち、サリームは彼らを結びつける役割を担う。しかし、政治的混乱や暴力、裏切りのなかで彼の人生は苦難に満ちる。物語は個人史と国民史を重層的に絡め、言葉の奔流と風刺をもって近代インドの多様性と矛盾を映し出す。ラシュディは神話と歴史、個と集団を融合させ、ポストコロニアル文学の新地平を切り開いた。,インド独立の日に生まれた子どもたちが特別な能力を持つという設定。,1981年にブッカー賞を受賞し、後に25周年特別賞も受けた。,個人史と国家史を重ね合わせ、ポストコロニアル文学の代表作とされる。
32,リア王,シェイクスピア,イングランド,英語,1608,1608,https://a.r10.to/hgF9Oy,シェイクスピア四大悲劇の一つであり、父と娘の愛憎を軸に人間の愚かさと悲劇を描く。老王リアは王国を三人の娘に分け与えようとし、言葉巧みな二人を信じ、正直な末娘コーディリアを追放する。しかし裏切りと権力争いが次第に王国を崩壊させ、リアは狂気に陥り、最後にはコーディリアの死に直面する。劇は権力の空虚さ、親子の断絶、人間存在の悲惨を壮大に描き出す。自然や嵐の象徴的表現は人間の内面を映し、荒涼たる運命の中にかすかな救済の光を差し込む。『リア王』は愛と真実の欠如が招く破局を描いた普遍的悲劇であり、時代を超えて観客に問いを投げかける。,シェイクスピア四大悲劇の一つで、老王と三人の娘の物語。,愛情表現の有無を試す場面は権力と人間関係を象徴している。,初演は1606年頃で、同時代の歴史的文脈とも関わる。
33,ハムレット,シェイクスピア,イングランド,英語,1603,1603,https://a.r10.to/hg4omB,シェイクスピア最大の悲劇と称される『ハムレット』は、デンマーク王子の復讐劇を通じて人間存在の深淵を描く。父王の亡霊に復讐を命じられたハムレットは、叔父クローディアスの罪を暴こうとするが、優柔不断と懐疑に苦しむ。彼の内面の独白は近代的自我の発露であり、哲学的探求として文学史に刻まれる。復讐の過程で多くの犠牲が生まれ、最終的にハムレット自身も命を落とす。劇は行動と遅延、真実と欺瞞、生と死という普遍的テーマを交錯させ、観客を存在の不安へと誘う。『ハムレット』は単なる復讐劇を超え、人間の精神の迷宮を象徴する作品である。,デンマーク王子が父の仇討ちに葛藤する物語で、1600年頃成立。,「生きるべきか死ぬべきか」の独白は世界文学で最も有名な台詞の一つ。,北欧伝説アムレートを下敷きにしながら心理劇として展開した。
34,オセロウ,シェイクスピア,イングランド,英語,1609,1609,https://a.r10.to/h5jqcr,シェイクスピア四大悲劇の一つであり、異邦人将軍オセロウとその妻デズデモーナをめぐる悲劇である。オセロウは勇敢で高潔な人物であるが、腹心イアーゴーの奸計によって嫉妬に駆られる。イアーゴーは巧妙な嘘と偽装を重ね、オセロウは妻の不貞を信じ込み、彼女を殺めてしまう。真実を知った時には既に遅く、彼自身も命を絶つ。劇は人種差別や異文化への偏見、嫉妬という人間の弱さを主題に据え、愛と信頼がいかに脆く崩壊するかを描く。『オセロウ』は激情と欺瞞の絡み合いを通じて、人間存在の暗黒面を暴き出す悲劇である。,ヴェネツィアの将軍オセロとデズデモーナの悲劇を描いた。,奸計を巡らすイアーゴーは文学史上屈指の悪役とされる。,初演は1604年頃で、ヴェネツィアとキプロスを舞台にする。
35,ユリシーズ,ジェイムズ・ジョイス,アイルランド自由国,英語,1922,1922,https://a.r10.to/h5xklt,ジェイムズ・ジョイスの『ユリシーズ』は20世紀モダニズム文学の頂点とされる大作である。舞台は1904年6月16日、ダブリンの一日であり、主人公ブルームと若き作家スティーヴンらの行動を精緻に追う。ホメロスの『オデュッセイア』を下敷きにしつつ、内面の意識の流れを徹底的に描き出すことで、人間存在の複雑さを表現する。文体は章ごとに変化し、新聞風、演劇風、内的独白など多様な技法が実験的に試みられる。日常の些細な出来事は神話的スケールに拡張され、平凡な人生の中に宇宙的意義が読み取られる。『ユリシーズ』は読解困難でありながらも文学の可能性を極限まで押し広げた革新的作品である。,ダブリンの一日を描き、ホメロスの『オデュッセイア』を参照する。,意識の流れ技法や多様な文体模倣を用いた実験的小説。,当初は猥褻とされ発禁となったが、後に20世紀文学の金字塔と評価された。
36,精神的マスナヴィー,ジャラール・ウッディーン・ルーミー,イラン,ペルシア語,1258,1273,https://a.r10.to/hRV2VF,ルーミーによる『精神的マスナヴィー』は、イスラーム神秘主義スーフィズムの金字塔とされる詩集である。寓話や説話を通して人間の魂と神との合一を説き、愛と献身の道を示す。語りは時にユーモラスであり、王や奴隷、動物など多彩な登場者が登場して真理を語る。作品は単なる宗教書ではなく、詩的言語によって心の奥底に響く普遍的メッセージを伝える。欲望や怒りを超えて内なる光を探し求める姿は、現代の読者にも共感を呼ぶ。ルーミーの詩は旋舞の詩人としての彼の精神と響き合い、文化や宗教を超えた普遍的精神性を体現している。『精神的マスナヴィー』は世界文学の霊的遺産である。,全6巻からなるペルシア語神秘主義詩で、スーフィー思想の集大成とされる。,寓話や逸話を通じて精神的真理を説く構成をとる。,ルーミーは現代でも引用され、世界的に読まれ続けている。
37,ミドルマーチ,ジョージ・エリオット,イギリス,英語,1871,1871,https://a.r10.to/hkb719,ジョージ・エリオットによる大作『ミドルマーチ』は、架空の田舎町を舞台に社会全体の縮図を描き出す。主人公ドロシアは理想主義に燃える若い女性で、学問的野心を抱く老学者と結婚するが、幸福を得られない。一方で医師リドゲイトは革新的医療を志すが、世俗の誘惑と経済的困難に阻まれる。物語は町の政治、宗教、結婚、経済が複雑に絡み合い、個人の理想と現実の乖離を浮き彫りにする。エリオットは多声的な語りで登場人物たちの内面を精緻に描き、人間関係の網の目を文学的に可視化した。『ミドルマーチ』はヴィクトリア朝社会の批評であると同時に、人間存在の普遍的矛盾を描く傑作である。,副題は『田舎町の生活の研究』で、群像的な手法を用いる。,社会小説と心理小説を融合させた19世紀英文学の代表作。,後の作家に大きな影響を与え、英文学史上の金字塔とされる。
38,1984,ジョージ・オーウェル,イギリス,英語,1949,1949,https://a.r10.to/h5Oz7A,ジョージ・オーウェルの『1984年』は、全体主義社会を徹底的に描いたディストピア小説である。主人公ウィンストンは真理省で歴史を改ざんする仕事に従事しているが、党の支配に疑念を抱く。監視と思想統制が行き渡る世界では、自由な思考や愛は禁じられ、個人はビッグ・ブラザーの眼差しに常に晒されている。ウィンストンは恋人ジュリアとの関係に希望を見出すが、最終的に裏切られ、党の支配に屈服する。作品は言語操作や監視社会の恐怖を描き、現代における権力と個人の自由の問題を先取りした。『1984年』は20世紀文学の警鐘であり、今日に至るまで政治と社会を考える上での指標となっている。,監視社会を描き、ビッグ・ブラザーは政治用語化した。,ニュースピークやダブルシンクの概念は言語と思考の関係を風刺。,反全体主義的立場から執筆され、冷戦期に広く読まれた。
39,白の闇,ジョゼ・サマラーゴ,ポルトガル,ポルトガル語,1995,1995,https://a.r10.to/hNaanp,ジョゼ・サマラーゴの『白の闇』は、突然の伝染病により人々が視力を失うという寓話的設定から始まる。盲目が広がる社会で、隔離施設に収容された人々は秩序を失い、暴力と混乱に陥る。唯一視力を保つ女性が存在し、彼女は絶望の中で他者を導く役割を担う。物語は文明の脆さと人間性の暗部を暴きつつ、同時に連帯と希望の可能性を描き出す。サマラーゴ特有の長大で流れるような文体は、読者を混沌とした状況に没入させる。『白の闇』は単なる黙示録的寓話ではなく、人間社会の本質を問う普遍的な作品として高く評価されている。,突如発生した失明現象を描く寓話的長編で、社会秩序の崩壊を描いた。,長大な文と少ない句読点が特徴的な文体を生み出している。,作者サマラーゴは1998年にノーベル文学賞を受賞、本作は代表作とされる。
40,ノストローモ,ジョセフ・コンラッド,イギリス,英語,1904,1904,https://a.r10.to/hPUB8t,ジョセフ・コンラッドの『ノストローモ』は、架空の南米国家コスタグアナを舞台に、帝国主義と資本の力が人間を翻弄する様を描く。鉱山の銀をめぐる利害が国の命運を左右し、労働者や革命家、外国資本家が入り乱れる。題名のノストローモは信頼厚い港湾労働者で、彼もまた銀の重みによって運命を狂わされる。物語は冒険小説の形をとりながら、資本主義と権力の構造を冷徹に暴き出す。コンラッド特有の複雑な語りと陰影は、人間の欲望と裏切りを深く刻む。『ノストローモ』は近代世界システムの縮図としての小説であり、植民地主義と資本の支配がいかに人間の精神を侵すかを描いた傑作である。,南米の架空国を舞台に、鉱山資源を巡る権力と帝国主義を描いた。,複雑な時間構造を持ち、歴史小説と政治小説を融合させている。,19世紀末の資本主義と植民地主義を批判した作品。
41,ガリヴァー旅行記,スウィフト,アイルランド,英語,1726,1726,https://a.r10.to/hkzNQg,ジョナサン・スウィフトの『ガリヴァー旅行記』は、風刺と冒険を融合させた18世紀英国文学の代表作である。医師ガリヴァーは航海の途上で奇妙な国々を訪れる。小人国リリパット、大人国ブロブディンナグ、飛行島ラピュータ、理性ある馬フウイヌムの国など、多様な世界は人間社会の縮図であり風刺である。王権、科学、戦争、道徳の愚かさが皮肉に描かれ、読者は笑いと同時に人間性の悲惨を突き付けられる。物語は子供向けの冒険譚としても読まれるが、その真価は辛辣な社会批評にある。『ガリヴァー旅行記』は普遍的な寓話として、今日なお人間社会を映す鏡となっている。,1726年刊行の風刺小説で、架空の航海記の形式をとる。,小人国・巨人国・ラピュータなど風刺対象が国ごとに異なる。,当時の政治や科学を鋭く風刺し、子供向け冒険譚としても読まれてきた。
42,ゼーノの意識,ズヴェーヴォ,イタリア,イタリア語,1923,1923,https://a.r10.to/hNiBPa,イタリア作家イタロ・ズヴェーヴォの『ゼーノの意識』は、近代小説の新境地を開いた心理小説である。主人公ゼーノは自らの精神分析の記録として回想を語り、禁煙の失敗、父との葛藤、結婚や不倫、事業の挫折を綴る。語りは自己弁護と自己欺瞞に満ち、真実は揺らぎ続ける。ズヴェーヴォはフロイト的精神分析の影響を受け、近代人の不安と矛盾を滑稽にも深刻に描いた。ゼーノは弱さとずるさを兼ね備えた人物であり、読者は彼の内面の迷路に引き込まれる。小説は個人の病理と社会の病理を重ね合わせ、近代文明の病を風刺する。『ゼーノの意識』は20世紀文学の先駆的作品であり、アイロニーに満ちた人間喜劇である。,1923年刊行の心理小説で、精神分析的視点が強く取り入れられている。,主人公ゼーノが回想を通じて自らの生を語る自伝的形式をとる。,20世紀イタリア文学の代表作で、近代小説の実験性を示す。
43,赤と黒,スタンダール,フランス,フランス語,1830,1830,https://a.r10.to/hkmmAX,スタンダールの『赤と黒』は、復古王政期フランスを背景に、野心と恋愛が交錯する心理小説である。主人公ジュリアン・ソレルは貧しい大工の息子でありながら、教養と野心によって上昇を望む。彼は家庭教師として貴婦人ド・レナル夫人と恋に落ち、その後は社交界で野心を燃やすが、階級差と社会的制約が彼を追い詰める。最終的に彼は絶望的な行動に走り、裁判の末に処刑される。赤は軍人、黒は聖職者の象徴であり、彼の二重の野心を示す。スタンダールは冷徹な観察と心理描写によって、個人の欲望と社会の虚偽を描き、近代小説の新たな地平を切り開いた。『赤と黒』は情熱と野心の悲劇を鮮烈に刻む傑作である。,1830年刊行のフランス小説で、ナポレオン後の社会を背景にする。,主人公ジュリアン・ソレルは出世を夢見る青年で、現実と理想の狭間に揺れる。,タイトルの『赤と黒』は軍服と聖職者の服を象徴するとされる。
44,夜の果てへの旅,セリーヌ,フランス,フランス語,1932,1932,https://a.r10.to/hFvSBt,ルイ＝フェルディナン・セリーヌの『夜の果てへの旅』は、戦争と文明の虚無を描き出す20世紀文学の問題作である。主人公バルダミュは第一次大戦の戦場から植民地アフリカ、アメリカの工場都市へと彷徨う。彼の視点は冷笑的で、人間存在の愚かさと残酷さを徹底的に暴き出す。文体は口語的かつ奔放で、従来の文学形式を壊しながら生の混沌を直接に刻む。戦争体験の虚無、資本主義の搾取、愛と欲望の欺瞞が重層的に描かれ、読者は救いなき旅に引き込まれる。セリーヌは絶望の果てに、かすかな人間性の光を浮かび上がらせる。『夜の果てへの旅』はモダニズム文学の転換点となった作品である。,1932年刊行。第一次世界大戦を背景に人間存在の暗黒を描いた。,独特の口語文体と長大な文で知られ、後の文学に大きな影響を与えた。,セリーヌは本作で国際的な評価を確立した。
45,ドン・キホーテ,セルバンサス,スペイン,スペイン語,1605,1615,https://a.r10.to/hNXY3v,セルバンテスの『ドン・キホーテ』は、騎士道小説を風刺しつつ人間存在の夢と現実を描く近代小説の嚆矢である。老騎士ドン・キホーテは騎士道物語に憧れ、従者サンチョ・パンサを伴って遍歴の旅に出る。風車を巨人と誤認する滑稽な冒険は、幻想と現実の衝突を象徴する。物語は笑いを誘いながらも、理想を追い続ける人間の崇高さと愚かさを同時に示す。サンチョとの対話は現実主義と理想主義の交錯を表し、二人の関係は人間の二重性を映す鏡である。セルバンテスは豊かな言語と多層的な物語構造を駆使し、小説というジャンルを革新した。『ドン・キホーテ』は普遍的な人間喜劇であり、世界文学の金字塔である。,1605年と1615年の二部構成で刊行された。,騎士道物語を風刺しつつ、近代小説の出発点とされる。,主人公と従者サンチョ・パンサの対比が人間性を浮き彫りにする。
46,オイディプス王,ソポクレス,ギリシャ,古代ギリシャ語,-430,-430,https://a.r10.to/h52Uu1,ソポクレスの悲劇『オイディプス王』は、運命と人間の無知を主題にした古典悲劇の傑作である。テーバイの王オイディプスは、国を襲う疫病の原因を突き止めようとする過程で、自らが父を殺し母を妻としたという恐るべき真実に直面する。彼は真実を求める意志によって滅びに至り、最終的に自らの目を潰して放浪の身となる。劇は人間の理性と探求心の尊さを讃えつつ、それが神々の定めた運命を逃れられないという皮肉を示す。観客は彼の悲劇を通して恐怖と哀れみを抱き、浄化（カタルシス）を体験する。『オイディプス王』は人間存在の根源的な問いを投げかけ続ける不朽の作品である。,紀元前430年頃に初演されたソポクレスの悲劇。,自己の出生の真実を探る過程で予言が成就する物語。,フロイトの精神分析における「エディプス・コンプレックス」の語源となった。
47,北への移住の季節,タイーブ・サーレフ,スーダン,アラビア語,1966,1966,https://a.r10.to/h5cmPH,スーダンの作家タイーブ・サーレフによる『北への移住の季節』は、植民地主義とアイデンティティの問題を鋭く描いた小説である。主人公はイギリス留学から帰国した若者で、村で謎めいたムスタファ・サイードと出会う。彼はかつてロンドンで女性たちを魅了しつつ破滅させた過去を持ち、異文化間の暴力的衝突を体現する存在であった。物語はアラブ世界と西洋の関係、伝統と近代の葛藤を重層的に描く。サーレフは詩的で象徴的な文体を用い、個人史と植民地主義史を重ね合わせることで、読者に普遍的な問いを投げかける。『北への移住の季節』はアラブ文学を世界に知らしめた重要な作品である。,1966年刊行のスーダン文学を代表する小説。,植民地支配と文化衝突をテーマに、アラブ文学の転換点とされた。,英訳を通じて国際的に高い評価を受けた。
48,神曲,ダンテ,イタリア,イタリア語,1308,1321,https://a.r10.to/hNihj8,ダンテの『神曲』は中世ヨーロッパ文学の最高峰であり、地獄・煉獄・天国をめぐる壮大な旅を描いた叙事詩である。詩人ダンテ自身が主人公となり、古代詩人ウェルギリウスや愛する女性ベアトリーチェに導かれながら霊的世界を巡る。作品は神学・哲学・政治を統合し、象徴的構造のもとに人間の罪と救済を壮大に描き出す。地獄の描写は罪の因果を可視化し、煉獄は浄化の道を示し、天国は神の光と至福の合一を表す。『神曲』は単なる宗教詩にとどまらず、中世の宇宙観を総合した精神的百科全書であり、同時に人間の魂の救済を希求する普遍的作品である。,1308〜1321年頃に書かれたダンテの叙事詩で、地獄・煉獄・天国を巡る旅を描く。,イタリア語文学の基礎を築き、後世の文学と美術に広大な影響を与えた。,三行連句（テルツァ・リーマ）の形式で書かれている。
49,チェーホフ・ユモレスカ,チェーホフ,ロシア,ロシア語,1886,1886,https://a.r10.to/hNevt4,アントン・チェーホフによる短編群「ユモレスカ」は、日常の些細な出来事を題材にしつつ、人間の愚かしさや滑稽さを軽妙に描いた作品群である。短い掌編ながら鋭い観察力に裏打ちされ、笑いの中に人間存在の哀感が潜む。列車の中、役所、田舎の小道といった身近な舞台で繰り広げられる逸話は、社会の矛盾や人間心理の複雑さを凝縮する。チェーホフは説教臭さを避け、皮肉とユーモアによって日常の瞬間を文学に昇華した。軽やかな調子の背後には人間の孤独や不条理が潜んでおり、読者は短い文の中に人生の深さを感じ取る。『ユモレスカ』はチェーホフの文体の精髄を示す小品集である。,1880年代に発表された短編ユーモア小説群の総称。,風刺と人間観察を交えた軽妙な筆致が特徴。,チェーホフの文壇進出の足がかりとなった作品群。
50,カンタベリー物語,チョーサー,イングランド,英語,1380,1400,https://a.r10.to/hPOUX9,ジェフリー・チョーサーの『カンタベリー物語』は、中世イングランドの巡礼団が物語を語り合う枠組みを持つ連作物語詩である。騎士、修道女、粉挽き職人、商人など多様な階層の人々が登場し、それぞれの物語を披露することで社会の縮図を形成する。騎士道物語から卑俗な逸話まで幅広く、笑いと風刺が織り交ぜられている。チョーサーは中英語を用い、庶民の声を文学に取り込むことで英文学の基盤を築いた。物語は完結していないが、その未完性さえも多声的世界の象徴として機能する。『カンタベリー物語』は中世文学の豊穣さと人間性の普遍性を体現する傑作である。,1380〜1400年頃に書かれた物語詩で、巡礼者の語りによる枠物語形式。,中世英語文学の代表作で、イギリス文学史上の重要な位置を占める。,多様な身分の登場人物を描き、社会風刺と人間模様が織り込まれる。
51,大いなる遺産,ディケンズ,イギリス,英語,1861,1861,https://a.r10.to/hPchUB,チャールズ・ディケンズの『大いなる遺産』は、孤児ピップの成長と挫折を描いた教養小説である。貧しい少年ピップは謎の後援者から財産を与えられ、紳士となる夢を追う。彼はエステラへの恋や社交界での経験を通じて野心を募らせるが、やがて富と地位が幸福を保証しないことを悟る。物語は階級と人間性の問題を描き、虚栄や欲望の危うさを浮かび上がらせる。ディケンズは社会の矛盾を背景に、善意と贖罪の力を強調する。最終的にピップは真の友情と誠実さを学び取り、成熟へと至る。『大いなる遺産』はディケンズ文学の円熟を示す作品であり、ヴィクトリア朝小説の代表格である。,1861年刊行のディケンズ後期の長編で、孤児ピップの成長物語。,連載小説として発表され、後に単行本化された。,階級や紳士像の問題を扱い、ヴィクトリア朝社会を風刺する。
52,ラーマーヤナ,デーヴァダッタ・パトナーヤク,インド,サンスクリット語,-500,-301,https://a.r10.to/hkGhfH,『ラーマーヤナ』はインドの二大叙事詩の一つであり、王子ラーマの冒険を通して理想的な王権と徳を描く。ラーマは王位継承を阻まれ、妻シータと弟ラクシュマナと共に森に追放される。やがてシータは魔王ラーヴァナにさらわれ、ラーマは猿王ハヌマーンらの助けを得て壮絶な戦いに挑む。物語は愛と忠義、義務と試練を主題に据え、登場人物たちの行為はインド文化における倫理の範型となった。叙事詩は英雄譚であると同時に宗教的寓話でもあり、ヒンドゥー教的世界観を形成する礎となった。『ラーマーヤナ』は神話と人間の境界を往還し、今日まで生き続ける精神的遺産である。,紀元前5世紀頃から成立したとされるインド二大叙事詩の一つ。,主人公ラーマの妻シータをめぐる冒険と戦いが中心。,インドや東南アジアの文化・芸能に強い影響を与えた。
53,マハーバーラタ,デーヴァダッタ・パトナーヤク,インド,サンスクリット語,-900,-401,https://a.r10.to/hN7nhx,『マハーバーラタ』は世界最大規模の叙事詩であり、インド文化と精神世界を総合的に映し出す。パーンダヴァ族とカウラヴァ族の争いを中心に、膨大な物語が連環する。戦争の叙事は人間の欲望と宿命の悲劇を描き、その中で語られる『バガヴァッド・ギーター』は哲学的核心をなす。英雄たちの戦いや苦悩は人間存在の普遍的問題を問い、義務、信仰、解脱のテーマを重層的に展開する。叙事詩は宗教的テキストであると同時に文学的宝庫であり、後世に巨大な影響を与えた。『マハーバーラタ』は単なる戦記を超えて、宇宙観と倫理観を包括する世界文学の金字塔である。,インド二大叙事詩の一つで、世界最長の叙事詩とされる。,バガヴァッド・ギーターを含み、宗教哲学的意義が大きい。,王族間の戦争と人間の宿命を描き、後代の文学や思想に影響を与えた。
54,ハックルベリー・フィンの冒険,トウェイン,アメリカ合衆国,英語,1884,1884,https://a.r10.to/hg6mGp,マーク・トウェインの『ハックルベリー・フィンの冒険』は、少年ハックと逃亡奴隷ジムの旅を描いたアメリカ文学の古典である。二人はミシシッピ川をいかだで下りながら、自由と友情を育む。社会の偽善や人種差別に直面する中で、ハックはジムを裏切るか否かの選択に迫られ、最終的に彼を守る道を選ぶ。物語は冒険譚の軽快さを備えつつ、アメリカ社会の根深い矛盾を批判的に映す。トウェインは土俗的な言語を駆使し、生き生きとした会話で人間性を浮かび上がらせた。『ハックルベリー・フィンの冒険』は単なる少年小説ではなく、自由と人間の尊厳を主題に据えた普遍的作品である。,1884年刊行のアメリカ文学の古典。ミシシッピ川下りの冒険譚。,黒人奴隷ジムとの友情が物語の核心となっている。,後の作家ヘミングウェイが『すべてのアメリカ文学はここから出た』と評した。
55,魔の山,トーマス・マン,ドイツ,ドイツ語,1924,1924,https://a.r10.to/h5T2Ry,トーマス・マンの『魔の山』は、第一次世界大戦前夜のヨーロッパ精神史を象徴する大作である。若き技師ハンス・カストルプは、病院に入院中の従兄を訪ねてスイスのサナトリウムを訪れ、短期滞在のはずが次第に長期滞在となる。そこで彼は人文主義者セッテンブリーニ、神秘的なナフタ、妖艶なクラウディアらと出会い、病と死、愛と知の問題に直面する。閉ざされた空間での議論や体験は、当時のヨーロッパの思想的対立を縮図として映し出す。時間の感覚は曖昧となり、現実と観念が交錯する中で、ハンスは精神的成熟を遂げる。『魔の山』は文明と病、進歩と退廃を描き、20世紀文学の象徴的作品となった。,1924年刊。スイスの療養所を舞台に、病と時間をテーマにした。,第一次大戦前夜のヨーロッパ文化を象徴する寓話的長編。,マンは本作でノーベル賞受賞への道を固めた。
56,ブッデンブローク家の人々,トーマス・マン,ドイツ,ドイツ語,1901,1901,https://a.r10.to/hkBkc9,『ブッデンブローク家の人々』は、トーマス・マンが若くして世に出た代表作であり、19世紀ドイツ市民階級の興亡を描く家族小説である。リューベックの豪商一家は代を重ねるごとに栄華を失い、経済的繁栄とともに精神的退廃が進む。家族の個性と運命は詳細に描かれ、商人精神と芸術的感受性の対立も浮かび上がる。物語は個々の悲劇を超えて、市民階級そのものの没落を象徴する。マンは冷徹な観察と皮肉を込めて、家族史を通じて時代精神を刻み込んだ。『ブッデンブローク家の人々』は後のノーベル賞受賞の礎となり、リアリズム文学の傑作として今日も読み継がれている。,1901年刊行のトーマス・マン初期の大作で、家族小説。,リューベックの商家一族の興亡を描き、19世紀社会を映し出す。,マンはこの作品で26歳にして一躍名声を得た。
57,白痴,ドストエフスキー,ロシア,ロシア語,1869,1869,https://a.r10.to/hPPGvA,ドストエフスキーの『白痴』は、純粋さゆえに悲劇を招く人間像を描いた長編である。癲癇を患いながらも無垢な心を持つムイシュキン公爵は、社交界に登場し、人々に善意と誠実さを示す。だが彼の無垢さは周囲の欲望や策謀と調和せず、やがて悲劇を引き寄せる。彼は美貌のナスターシャと純真なアグラーヤの間で揺れ動き、愛と善意を貫こうとするが、最後には破局を迎える。作品は「絶対的に善なる人間」を近代社会に置いたときに生じる矛盾を描き、善と悪、理想と現実の衝突を浮かび上がらせる。『白痴』は倫理的実験小説として、ドストエフスキーの思想的核心を体現する作品である。,1869年刊。無垢な心を持つムイシュキン公爵を主人公とする。,キリスト的理想の人物が世俗社会とどう関わるかを問う。,人間心理の極端さを描き、ドストエフスキーの代表的長編の一つ。
58,罪と罰,ドストエフスキー,ロシア,ロシア語,1866,1866,https://a.r10.to/hkyuIb,ドストエフスキーの『罪と罰』は、青年ラスコーリニコフの内面的葛藤を描いた心理小説である。彼は「非凡人には法を超える権利がある」という理論を掲げ、貧しい高利貸しの老婆を殺害する。しかし罪の意識は彼を苛み、良心の呵責と理論の矛盾に苦しむ。娼婦ソーニャの自己犠牲的な愛と信仰に触れた彼は、最終的に自首してシベリア流刑に処される。物語は罪と贖罪、理性と道徳の衝突を鋭く問い、人間存在の深淵を掘り下げる。『罪と罰』は近代小説の最高峰であり、倫理と救済の問題を永遠のテーマとして提示した作品である。,1866年刊行の長編。青年ラスコーリニコフの殺人と贖罪の物語。,「非凡人の理論」をめぐる倫理的・心理的葛藤が描かれる。,ロシア文学を代表する心理小説として世界的に読まれる。
59,悪霊,ドストエフスキー,ロシア,ロシア語,1872,1872,https://a.r10.to/hPOg6b,『悪霊』はロシアにおける急進思想と革命運動の混乱を風刺的に描いたドストエフスキーの長編である。地方都市に革命思想が流入し、若者たちは無政府主義や虚無主義に染まっていく。中心人物ピョートルは策謀を巡らし、混乱を煽動する。物語は暗殺や暴動へと発展し、破壊的な思想の末路を赤裸々に描く。ドストエフスキーは思想の魅力と危険性を同時に提示し、信仰の欠如と虚無の広がりを告発した。『悪霊』は時代の写し鏡であるとともに、現代にも通じるイデオロギーの問題を孕む重厚な作品である。,1872年刊。革命思想に取り憑かれた若者たちを描いた。,実際の暗殺事件をモデルにしている。,政治的急進主義と人間の虚無をテーマとする。
60,カラマーゾフの兄弟,ドストエフスキー,ロシア,ロシア語,1880,1880,https://a.r10.to/hkV1eR,『カラマーゾフの兄弟』はドストエフスキー晩年の集大成であり、信仰と無神論、愛と憎悪、罪と救済を包括的に描く。カラマーゾフ家の父親フョードルが殺害され、長男ドミートリイが疑われる。次男イワンは理知的無神論者として神の正義に挑み、三男アリョーシャは修道僧の徒弟として信仰に生きる。異母弟スメルジャコフが事件の真犯人として浮かび上がり、家族関係は崩壊する。物語は単なる推理劇を超え、宗教的・哲学的議論が展開される。『大審問官』の挿話に象徴されるように、作品は人間の自由と信仰の根源的問題を問う。『カラマーゾフの兄弟』は世界文学の到達点とされる大作である。,1880年刊。信仰・理性・情念を体現する三兄弟と父の物語。,「大審問官」の章は世界思想史的にも重要。,ドストエフスキーの集大成であり、死の直前に完成した。
61,運命論者ジャックとその主人,ドニ・ディドロ,フランス,フランス語,1796,1796,https://a.r10.to/hgPTmb,ディドロの『運命論者ジャックとその主人』は、啓蒙時代の自由な精神を体現する風刺的対話小説である。旅の途上にある主人と従者ジャックは、偶然と必然をめぐる哲学的議論を交わしつつ、数々の逸話や挿話に遭遇する。ジャックは「すべては運命に書かれている」と主張するが、その語りは軽妙でユーモラスに展開される。物語はしばしば中断され、別の逸話に飛び、読者は予測不能な展開に翻弄される。ディドロは小説形式そのものを遊戯的に解体し、自由な思考を表現した。作品は理性と懐疑の精神を融合させ、啓蒙の文学に新たな地平を開いた。『運命論者ジャックとその主人』は、近代小説の実験性を先駆的に示した作品である。,対話体で展開し、主人と従者の掛け合いが哲学的議論に発展する構成。,自由意志と決定論をめぐる議論を物語化しており、啓蒙思想を象徴する。,のちの近代小説にみられるメタフィクション的要素を先取りしている。
62,ビラヴド,トニ・モリスン,アメリカ合衆国,英語,1987,1987,https://a.r10.to/hk8cEI,トニ・モリスンの『ビラヴド』は、奴隷制度の記憶とトラウマを描いたアメリカ文学の金字塔である。逃亡奴隷セスは娘を殺して自由を選んだ過去を持ち、その家に謎の少女ビラヴドが現れる。彼女は死んだ娘の亡霊であり、抑圧された記憶が具現化した存在である。物語は過去と現在が交錯し、暴力と喪失、母と子の絆が生々しく描かれる。モリスンは魔術的リアリズムを用い、奴隷制の歴史的現実を詩的かつ幻想的に再構築した。『ビラヴド』は歴史と個人の記憶の交錯を描き、アフリカ系アメリカ人の声を文学の中心に据えた。人間の尊厳と記憶の力を問い直す深遠な作品である。,奴隷制度の記憶と亡霊を重ね合わせたアフリカ系アメリカ文学の代表作。,言葉のリズムや多声的構造が黒人音楽や口承文化を想起させる。,記憶とトラウマを共同体全体で語り継ぐ手法が用いられている。
63,黄金のノート,ドリス・レッシング,イギリス,英語,1962,1962,https://a.r10.to/hN1h2E,ドリス・レッシングの『黄金のノート』は、女性の意識と社会的矛盾を多層的に描いた実験的小説である。作家アンナは、赤、黒、黄、青のノートに政治活動、個人的生活、夢、芸術を記録し、それらを統合する「黄金のノート」を模索する。小説は物語とノートが交錯し、断片的でありながら全体として女性の自己探求を描き出す。作品はフェミニズム文学の先駆けとして評価され、女性が社会的役割と個人の欲望の狭間でいかに葛藤するかを示した。レッシングは形式と内容を革新し、文学に新しい可能性を提示した。『黄金のノート』は20世紀文学における女性解放の象徴的テキストである。,一人の作家の人生を分割した複数のノートが重層的に組み合わされる。,フェミニズム文学の古典であり、女性のアイデンティティの分裂と統合を描く。,形式的実験と心理的内面描写を融合させたポストモダン的作品。
64,戦争と平和,トルストイ,ロシア,ロシア語,1865,1869,https://a.r10.to/hNtwoF,トルストイの『戦争と平和』は、ナポレオン戦争期のロシアを舞台に、歴史と個人の運命を重層的に描いた大河小説である。ロストフ家、ボルコンスキー家、そしてペーチャ家などの貴族たちが登場し、戦争と日常、愛と喪失の狭間で生を営む。アンドレイ公爵は戦場で理想と現実の乖離に苦悩し、ピエールは人生の意味を求めて遍歴する。戦闘場面は壮大でありながら、個々の心理描写は繊細で、歴史と個人が交錯する瞬間を刻み込む。トルストイは歴史を英雄や指導者ではなく無数の人々の行為の総体として捉え、史観を文学に投影した。『戦争と平和』は歴史小説の極致であり、同時に人間存在の深遠を探る哲学的作品である。,戦争場面と家庭・社交場面が交互に描かれ、歴史と個人の運命を並置する。,小説形式の中で哲学的・歴史的考察が挿入される独自の構造を持つ。,登場人物の多様な視点がロシア社会全体を縮図的に映し出す。
65,イワン・イリイチの死,トルストイ,ロシア,ロシア語,1886,1886,https://a.r10.to/hkjMjS,『イワン・イリイチの死』は、官僚として平凡に生きた男の死の過程を描く短編である。イワン・イリイチは病に侵され、死の恐怖に直面する。周囲の人々は彼の死を形式的に扱い、彼自身も最初は否認するが、やがて恐怖と孤独を深めていく。死の直前に彼は人生の虚偽を悟り、真実の光を垣間見る。物語は死を通じて生の意味を問い、読者に根源的な省察を促す。トルストイは簡潔で抑制された文体を用い、死の不可避性と人間の精神的変容を鮮烈に描き出した。『イワン・イリイチの死』は、死を見つめることで生の価値を再発見させる不朽の名作である。,病を契機に自己の生を省みる過程を通じて死の意味を描き出す。,日常生活の虚飾と真実の対比が鮮烈に表現されている。,死を通じて生の本質を問う哲学的短編として評価される。
66,アンナ・カレーニナ,トルストイ,ロシア,ロシア語,1877,1877,https://a.r10.to/hNft08,『アンナ・カレーニナ』は、愛と社会規範の対立を描いたトルストイの傑作長編である。貴族夫人アンナは冷淡な夫との結婚生活に苦しみ、将校ヴロンスキーと情熱的な恋に落ちる。しかしその関係は社会からの非難を招き、彼女は孤立と絶望に追い込まれる。一方で、地主リョーヴィンの物語は農村生活や信仰を通じて、誠実な生の可能性を探る対照的な軸を提供する。アンナの悲劇とリョーヴィンの精神的成長は、愛と道徳、個人と社会の矛盾を浮かび上がらせる。トルストイは細やかな心理描写と社会批評を交えて、人間存在の複雑さを普遍的に描いた。『アンナ・カレーニナ』は文学史における永遠の名作である。,恋愛と家族をめぐる悲劇と農村改革など社会的テーマが併走する。,複数の登場人物の物語線が交錯し、群像劇的性格をもつ。,鉄道という近代の象徴が物語の重要なモチーフとして用いられている。
67,わが町内の子供達,ナギーブ・マフフーズ,エジプト,アラビア語,1959,1959,なし,ナギーブ・マフフーズの『わが町内の子供達』は、宗教的寓話と社会批判を融合させた20世紀アラブ文学の代表作である。物語はカイロの下町を舞台に、アダム、モーセ、イエス、ムハンマドに相当する人物たちが登場し、人類史を寓話的に再現する。町内は貧困と暴力に支配され、住民は権力者や暴徒に翻弄される。作品は神話的構造を持ちながらも、現代エジプト社会の不正や抑圧を鋭く告発する。マフフーズは宗教的象徴を用いて、人間の自由と正義への希求を普遍的に描いた。その挑発的内容は発禁や攻撃を招いたが、文学的価値は揺るがず、ノーベル賞受賞の一因ともなった。『わが町内の子供達』は寓話的手法で現代社会を照射する傑作である。,イスラム教・ユダヤ教・キリスト教の要素を寓話的に融合した作品。,寓意に満ちた語り口により、当時の社会問題を象徴的に表現する。,発表当初は宗教的理由で論争や発禁措置を受けた。
68,その男、ゾルバ,ニコス・カザンザキス,ギリシャ,ギリシャ語,1946,1946,https://a.r10.to/h5bgoY,カザンザキスの『その男、ゾルバ』は、ギリシャの自然と人間の情熱を描く小説である。若き知識人の「私」は、自由奔放な老人ゾルバと共に炭鉱経営に挑む。ゾルバは快活で享楽的、人生を全身で味わう人物であり、彼の姿は知識人の内向的思索とは対照的である。失敗や悲劇が訪れても、ゾルバは人生を愛し踊りで表現する。物語は理性と本能、思索と行動の対比を通じて、人間存在の根源的エネルギーを描き出す。『その男、ゾルバ』は哲学的寓話でありながら、生命賛歌として読む者を解放する力を持つ。カザンザキスはゾルバを通じて、人生の真の自由と喜びを提示した。,自由奔放なゾルバと知識人の対比を通じて生きることの意味を問う。,ギリシャ的風土と民俗が濃厚に描写されている。,舞踊や音楽といった身体性が哲学的テーマと結びつく。
69,詩集,パウル・ツェラン,ルーマニア／ソ連／フランス,ドイツ語,1952,1952,https://a.r10.to/hRVQVj,パウル・ツェランの『詩集』は、ホロコーストの記憶を言葉に刻んだ20世紀詩の金字塔である。代表作「死のフーガ」では強制収容所の惨劇を音楽的リズムで描き、読者に戦慄を与える。彼の詩は難解で断片的だが、それは体験の言語化不可能性を逆説的に表す。母語ドイツ語を加害者の言語として用いながら、そこに新たな倫理的意味を吹き込む姿勢は独自である。ツェランは沈黙と断絶の中から言葉を掬い上げ、記憶と存在を問い続けた。彼の詩は個人的体験を超えて普遍的苦悩を担い、戦後文学における倫理的指標となった。『詩集』は言葉の可能性と限界を極限まで試す文学的実験である。,ホロコースト体験を背景に、言語の限界を突き詰めた詩風が特徴。,凝縮された言葉と独自の造語が多用されている。,ドイツ語文学における戦後詩の転換点とされる。
70,飢え,ハムスン,ノルウェー,ノルウェー語,1890,1890,https://a.r10.to/hN1hrw,クヌート・ハムスンの『飢え』は、近代文学における内面描写の先駆けとされる小説である。主人公は無名の作家志望の青年で、クリスチャニアの街を彷徨いながら極度の飢えと貧困に苛まれる。彼の意識は飢餓による幻覚や妄想に揺さぶられ、現実と幻想の境界は曖昧になる。物語は筋立てよりも心理の断片的描写を重視し、人間存在の不安と孤独を赤裸々に示す。ハムスンは近代人の主観的意識を徹底的に追い、後のモダニズム文学に大きな影響を与えた。『飢え』は文学が外的事件ではなく内面の体験を描くことに可能性を見いだした記念碑的作品である。,飢えと創作欲求をめぐる極限的状況を主人公の独白で描く。,心理描写が徹底され、モダニズム文学の先駆けとされる。,都市を舞台にした孤独と貧困の表現が新しい文学形式を切り開いた。
71,ゴリオ爺さん,バルザック,フランス,フランス語,1835,1835,https://a.r10.to/hP1DHH,バルザックの『ゴリオ爺さん』は、『人間喜劇』の核心をなす小説であり、19世紀パリ社会の欲望と腐敗を描く。貧しい学生ラスティニャックは下宿屋で老爺ゴリオと出会う。ゴリオは娘への無償の愛ゆえに財産を失い、見捨てられて死んでいく。ラスティニャックはその姿に社会の冷酷さを見て、自らの野心を燃やす。物語は親子愛と社会的野心、金銭と人間性の対立を鋭く浮かび上がらせる。バルザックは写実的描写を通じて、資本主義社会の矛盾を暴き出した。『ゴリオ爺さん』は近代小説の原点として今も読み継がれる傑作である。,『人間喜劇』の一部で、パリの下宿を舞台に社会の縮図が描かれる。,人物造形における執念深さは近代リアリズム小説の典型とされる。,若きラスタニャックの台詞はフランス文学史上の名場面とされる。
72,独立の民,ハルドル・ラクスネス,アイスランド,アイスランド語,1934,1935,https://a.r10.to/hR4xI4,アイスランドの作家ハルドル・ラクスネスの『独立の民』は、農民の生存と誇りを描いた小説である。主人公ビャルキは独立を至上の価値とし、貧困と孤立の中でも自由を守ろうとする。彼の頑なな生き方は家族や社会との軋轢を生み、やがて悲劇を招く。自然環境の厳しさと人間の矜持が交錯し、個人の理想と現実の矛盾が浮き彫りとなる。ラクスネスは詩的で象徴的な筆致を用い、アイスランドの風土と文化を普遍的テーマへと昇華させた。『独立の民』は国家のアイデンティティと人間の尊厳を問い直す作品であり、ノーベル文学賞を受賞する決定打となった。,アイスランド農民の生活と独立心を描き、民族文学の礎となった。,自然と人間の関係性を重視し、土地への執着が物語の軸となる。,ラクスネスはこの作品を通じてノーベル賞を受賞する評価を得た。
73,ペドロ・パラモ,フアン・ルルフォ,メキシコ,スペイン語,1955,1955,https://a.r10.to/hPgKJE,フアン・ルルフォの『ペドロ・パラモ』は、死者の声が響く幻影的世界を舞台にしたラテンアメリカ文学の傑作である。主人公フアン・プレシアードは、死んだ母の願いに従い父ペドロ・パラモを探して故郷コマラを訪れる。しかし町は死者の魂に満ち、生と死の境界は曖昧に溶け合う。物語は断片的な語りで構成され、現実と幻想が交錯する。ペドロ・パラモは暴君的地主として描かれ、愛と暴力が渦巻く過去が亡霊の声を通して語られる。ルルフォは簡潔で詩的な文体を駆使し、死と記憶の重層性を描いた。『ペドロ・パラモ』は魔術的リアリズムの先駆として、ラテンアメリカ文学の礎を築いた作品である。,死者が語る声に導かれる幻想的構成が特徴。,メキシコ文学における魔術的リアリズムの先駆的作品。,ガルシア・マルケスらラテンアメリカ作家に決定的な影響を与えた。
74,ジプシー歌集,フェデリコ・ガルシーア・ロルカ,スペイン,スペイン語,1928,1928,https://a.r10.to/hk6fhO,ガルシーア・ロルカの『ジプシー歌集』は、スペイン南部アンダルシアのジプシー文化を背景にした詩集である。フラメンコのリズムと象徴的イメージが融合し、自由と抑圧、愛と死が歌われる。月や刃物、夜といったモチーフが繰り返され、抒情と悲劇が交錯する独自の詩的世界を築いている。ロルカはジプシーを異端と悲劇の象徴として描きつつ、人間存在の普遍的な激情を表現した。スペイン内戦前夜の緊張も背景に漂い、詩は個人的体験を超えて社会的響きを持つ。『ジプシー歌集』は口承文化と前衛詩を融合させた20世紀詩の金字塔である。,スペインの伝統的歌謡形式と近代詩の融合を試みた。,ロルカ独自の象徴と民俗的イメージが鮮烈に表現されている。,スペイン文化におけるジプシー像を詩的に再構築した。
75,不穏の書,フェルナンド・ペソア,ポルトガル,ポルトガル語,1928,1928,https://a.r10.to/hgMxXj,フェルナンド・ペソアの『不穏の書』は、異名作家ベルナルド・ソアレスの名義で書かれた断章集である。日常の些細な観察から形而上学的思索に至るまで、断片的なテキストが積み重ねられている。語り手は倦怠と孤独、夢想と不安の中に生き、世界の不確かさを詩的に表現する。統一的な筋は存在せず、未完のまま膨大な断章が残されたが、その断片性自体が現代人の意識の迷宮を象徴する。ペソアは多重人格的な異名の技法を駆使し、自己と他者の境界を解体した。『不穏の書』は、近代文学における断片と不確実性の美学を極限まで推し進めた作品である。,未完の断章群からなる内省的テキストで、自己省察の極点とされる。,異なる筆名を用いて書かれた断片が再編集されている。,20世紀文学における存在論的日記の代表例と見なされる。
76,響きと怒り,フォークナー,アメリカ合衆国,英語,1929,1929,https://a.r10.to/hkHFbL,ウィリアム・フォークナーの『響きと怒り』は、アメリカ南部のコンプソン家の没落を多声的に描いた実験的小説である。物語は知的障害を持つ末子ベンジーの混沌とした意識、兄クエンティンの絶望的内面、冷笑的な弟ジェイソンの語り、そして使用人ディルシーの視点から語られる。時間は錯綜し、過去と現在が交錯する構造によって、家族の崩壊と南部社会の衰退が浮かび上がる。フォークナーは意識の流れの技法を駆使し、読者に解釈を委ねる難解な語りを構築した。『響きと怒り』は、伝統的リアリズムを解体し、近代小説の形式革新を体現した作品である。,フォークナーの代表作で、複数の語り手の時間が交錯する。,意識の流れ技法と南部社会の崩壊を結びつけている。,難解ながらもモダニズム文学の最高峰とされる。
77,アブサロム、アブサロム！,フォークナー,アメリカ合衆国,英語,1936,1936,https://a.r10.to/hHgWXo,フォークナーの『アブサロム、アブサロム！』は、南部の神話と歴史を交錯させた大河的叙事である。スートペンという男が築いた荘園の栄華と崩壊が、多様な語り手によって繰り返し語られる。彼の野望と血統への執念は、奴隷制や人種問題と結びつき、破滅的な運命を招く。物語は断片的で矛盾を含み、真実は曖昧なまま残されるが、その多声性が歴史の不確実性を象徴する。フォークナーは南部社会の罪と記憶を重層的に描き出し、アメリカ文学における歴史意識の核心を提示した。『アブサロム、アブサロム！』はフォークナー文学の頂点とされる傑作である。,南部貴族サトペン一族の歴史を語り継ぐ多声的構造を持つ。,歴史の語りの不確定性が中心テーマとなっている。,南部の過去と人種問題を根底から問い直す作品。
78,失われた時を求めて,プルースト,フランス,フランス語,1913,1927,https://a.r10.to/hkkKS4,マルセル・プルーストの『失われた時を求めて』は、20世紀文学最大の長編小説であり、記憶と時間を主題にした作品である。語り手はマドレーヌを紅茶に浸した瞬間の味覚から過去の記憶を呼び覚まし、貴族社会や芸術の世界を回想する。物語は恋愛や社交界の細部を緻密に描きつつ、時間の流れと記憶の作用を文学的に探求する。プルーストは意識の流れを詩的に描写し、日常の些細な出来事を永遠の美に昇華した。『失われた時を求めて』は、人生の有限性と芸術の力を総合的に示す文学の金字塔である。,記憶と時間をめぐる7部作で、意識の流れ文学の極点。,マドレーヌのエピソードは無意識的記憶の象徴。,20世紀文学における時間表現の革新として評価される。
79,感情教育,フローベール,フランス,フランス語,1869,1869,https://a.r10.to/hkyWnj,フローベールの『感情教育』は、19世紀フランス社会の変動を背景に、青年フレデリック・モローの愛と挫折を描いた小説である。彼は年上の女性アルヌー夫人に恋い焦がれるが、その思いは成就せず、同時に政治的理想や友情も裏切りや幻滅に終わる。物語は革命と市民社会の動乱を背景に、青年の夢想と現実の乖離を緻密に描き出す。フローベールは冷徹な観察眼と簡潔な文体で、理想を追うことの虚しさを提示した。『感情教育』は青春の情熱とその喪失を描き、世代を超えて共感を呼ぶ作品である。,1848年革命期の青年の幻滅を描き、世代の歴史的体験を小説化した。,細部描写と冷徹な語りがリアリズムの典型とされる。,主人公フレデリックの挫折は世紀半ばのフランス社会を象徴する。
80,ボヴァリー夫人,フローベール,フランス,フランス語,1857,1857,https://a.r10.to/hPchUB,『ボヴァリー夫人』は、地方に暮らす女性エマの不満と破滅を描いたフローベールの代表作である。平凡な夫との結婚生活に倦怠を覚えたエマは、恋愛小説の幻想に浸り、不倫や浪費に走る。しかしその夢は現実に裏切られ、借金と絶望に追い詰められた彼女は自ら命を絶つ。物語はロマンティックな幻想と社会の現実との落差を鮮烈に描き、女性の欲望と閉塞感を普遍的なテーマとして提示する。フローベールは客観的で冷徹な文体を用い、小説の写実主義を確立した。『ボヴァリー夫人』は近代小説の原点として今もなお輝きを放つ作品である。,形式的完璧さで知られ、リアリズム小説の最高峰とされる。,エマ・ボヴァリーの幻想と現実の乖離が悲劇を生む。,裁判沙汰になりながらも後の文学に決定的影響を与えた。
81,老人と海,ヘミングウェイ,アメリカ合衆国,英語,1952,1952,https://a.r10.to/hPNpGG,ヘミングウェイの『老人と海』は、人間の尊厳と自然との闘いを描いた寓話的短編小説である。老漁師サンチャゴは長く魚を釣れずにいたが、ある日巨大なカジキと遭遇し、数日にわたる死闘を繰り広げる。彼は孤独と疲労に苦しみながらも誇りをかけて魚と対峙し、ついに仕留める。しかし帰路でサメに食い荒らされ、残るのは骨だけとなる。敗北の中に宿る気高さは、人間の存在意義を象徴する。簡潔で力強い文体は、自然と人間の関係を普遍的に描き出した。『老人と海』はヘミングウェイ文学の精髄であり、ノーベル賞受賞を決定づけた作品である。,簡潔で象徴的な文体が特徴で、闘う姿勢そのものが人間の尊厳を示す。,海と魚、老人の対決は自然と人間の関係を象徴する寓話と読まれる。,孤独や敗北の中にも誇りを見いだす姿勢が普遍的共感を呼ぶ。
82,草の葉,ホイットマン,アメリカ合衆国,英語,1855,1855,https://a.r10.to/hFvb9W,ウォルト・ホイットマンの『草の葉』は、アメリカ詩の革新を告げる詩集であり、個人の声と民主主義的精神を高らかに謳い上げる。ホイットマンは自由詩を用い、自然、肉体、都市、愛を肯定的に歌い、人間存在の全体性を詩に刻んだ。詩は自我と世界との一体感を求めつつ、読者に普遍的な連帯感を呼び覚ます。彼の言葉は宗教や階級の枠を超えて広がり、新大陸の開放的精神を体現する。『草の葉』は生涯にわたり改訂が重ねられ、詩人自身の精神的遍歴を映す書でもある。ホイットマンは「大いなる我」を通して人間と宇宙の調和を追求し、近代詩に新たな可能性を開いた。,自由詩形式を確立し、アメリカ詩の革新をもたらした。,肉体・自然・民主主義を讃える内容が特徴。,版を重ねるごとに自己改訂を行い、生涯にわたり成長し続けた詩集。
83,デカメロン,ボッカッチョ,イタリア,イタリア語,1349,1353,https://a.r10.to/hg4q7B,ジョヴァンニ・ボッカッチョの『デカメロン』は、14世紀フィレンツェのペスト禍を背景に、若者十人が避難先で語り合う百篇の物語からなる。物語は恋愛、機知、冒険、信仰を題材にし、時に猥雑で時に高尚な人間模様を描く。語り手たちは日ごとに主題を決め、物語を競い合い、笑いと知恵を共有する。作品は中世からルネサンスへの転換を示し、人間性の解放と世俗的価値を肯定する。ボッカッチョは多彩な語り口で社会の縮図を描き、後世の小説や演劇に大きな影響を与えた。『デカメロン』は文学史上、物語芸術の源泉として位置づけられる。,ペスト禍から逃れた若者たちが語り合う枠物語形式。,100篇の短編が多様な人間模様を描き出す。,ヨーロッパ近代小説の源流の一つとされる。
84,オデュッセイア,ホメロス,ギリシャ,古代ギリシャ語,-800,-701,https://a.r10.to/hNnB9U,ホメロスの『オデュッセイア』は、西洋文学の原点となる叙事詩であり、英雄オデュッセウスの冒険と帰還を描く。トロイア戦争後、彼は海神ポセイドンの怒りを買い、十年にわたる漂流に苦しむ。怪物キュクロプスや魔女キルケー、セイレーンらとの遭遇は、試練と誘惑の象徴である。妻ペネロペは求婚者に耐えながら夫の帰還を待ち、息子テレマコスは父を探す旅に出る。物語は英雄の勇敢さと知恵を称えると同時に、家庭と絆の価値を示す。『オデュッセイア』は冒険譚であるとともに、人間存在の試練と帰郷の意味を問い続ける普遍的叙事である。,帰還譚の典型で、英雄オデュッセウスの漂流と知恵が中心。,多様な冒険譚が後世の物語形式に大きな影響を与えた。,口承文学のリズムが叙事詩の魅力を支えている。
85,イーリアス,ホメロス,ギリシャ,古代ギリシャ語,-760,-710,https://a.r10.to/hkbYHN,ホメロスの『イーリアス』は、トロイア戦争を舞台に英雄たちの怒りと栄光を描く叙事詩である。物語はアキレウスの怒りを中心に展開し、アガメムノンとの対立、戦場での勝利と悲嘆が繰り広げられる。神々は人間の戦いに介入し、運命と自由意志の交錯を浮かび上がらせる。戦場の残酷さと英雄的勇気が並置され、戦争の栄光と悲惨が二重写しに描かれる。最終的にアキレウスは敵将ヘクトルを討つが、ヘクトルの遺体を父プリアモスに返す場面は人間的和解を象徴する。『イーリアス』は戦争と人間性の根源的矛盾を刻み込み、西洋文学の出発点となった不朽の作品である。,戦争叙事詩であると同時に、英雄たちの怒りと運命が主題。,戦場だけでなく人間関係や神々の介入が重層的に描かれる。,悲劇的要素を含み、古代文学と演劇に強く影響した。
86,フィクション集,ボルヘス,アルゼンチン,スペイン語,1944,1986,https://a.r10.to/h5YpPC,ホルヘ・ルイス・ボルヘスの『フィクション集』は、短編小説の形式を通じて無限、迷宮、記憶、鏡といったテーマを探求する革新的作品集である。「バベルの図書館」では無限の書物を収めた宇宙的図書館が描かれ、「トレーン、ウクバール、オルビス・テルティウス」では架空の世界が現実に侵食していく。物語は哲学的思考実験と物語芸術が融合し、現実と虚構の境界を揺さぶる。ボルヘスの精緻で簡潔な文体は、短い形式に無限の広がりを収める。『フィクション集』は20世紀文学における形而上学的寓話の頂点であり、読者に知的驚異を与える。,短編形式の中に無限や迷宮といった形而上学的テーマを込めた。,実在と虚構の境界を曖昧にし、後のポストモダン文学を先取りした。,図書館や鏡など象徴的モチーフが繰り返し登場する。
87,百年の孤独,マルシア・ガルケス,コロンビア,スペイン語,1967,1967,https://a.r10.to/hk6fuo,ガルシア・マルケスの『百年の孤独』は、マコンド村を舞台にしたブエンディア家の世代記であり、魔術的リアリズムの代表作である。ホセ・アルカディオ・ブエンディアが築いた村は、繁栄と衰退を繰り返し、愛と暴力、希望と絶望が世代を超えて連鎖する。日常と幻想は境なく交錯し、昇天する女性や血の雨などの奇跡が自然に描かれる。家族は歴史を繰り返し、孤独に囚われていくが、最終的に一族の運命は書物に予言されていたことが明かされる。物語はラテンアメリカの歴史と社会を寓話的に映し出し、普遍的テーマを提示する。『百年の孤独』は世界文学の金字塔であり、現代小説に新たな地平を開いた。,マコンド村を舞台にした多世代物語で、ラテンアメリカ文学の代表作。,魔術的リアリズムの典型として知られる。,歴史と神話が交錯する語りが独自の世界観を形成する。
88,特性のない男,ムージル,オーストリア,ドイツ語,1930,1932,https://a.r10.to/hky29W,ローベルト・ムージルの『特性のない男』は、オーストリア＝ハンガリー帝国末期の社会と人間を精緻に描いた未完の大作である。主人公ウルリヒは「特性のない男」として、才能や知識を持ちながらも決定的な自己を欠いている。物語は帝国崩壊前夜の「並行行動」と呼ばれる祝典準備を背景に、政治、文化、科学、性愛など多様な要素が交錯する。ムージルは細密な心理描写と哲学的考察を融合し、近代社会におけるアイデンティティの不安定さを浮き彫りにした。未完であるがゆえに、その断片性が近代の不確実性を象徴する。『特性のない男』は20世紀文学における知的実験であり、人間存在の流動性を問い続ける作品である。,未完の長編で、20世紀初頭のオーストリア社会を鋭く風刺。,抽象的思考と物語が絡み合い、哲学的小説の典型とされる。,近代人のアイデンティティの不確定性をテーマにしている。
89,白鯨,メルヴィル,アメリカ合衆国,英語,1851,1851,https://a.r10.to/h5SsZx,ハーマン・メルヴィルの『白鯨』は、捕鯨船ピークォッド号の航海と船長エイハブの狂気的執念を描いたアメリカ文学の古典である。エイハブは片足を奪った巨大な白鯨モービィ・ディックへの復讐に取り憑かれ、乗組員を巻き込んで海を彷徨う。物語は航海記、捕鯨学、哲学的考察を織り交ぜ、壮大な象徴世界を築く。白鯨は自然の畏怖、運命、神の沈黙を象徴し、人間の探求と破滅を同時に体現する。語り手イシュメールはその航海を冷静に記録しつつ、存在の謎を問い続ける。『白鯨』は冒険譚であると同時に、アメリカ文学が到達した精神的地平を示す大作である。,捕鯨航海を舞台にしつつ、象徴的・哲学的要素を備える。,白鯨モービィ・ディックは自然・宿命・悪の象徴とされる。,多様な文体や引用を駆使した百科全書的性格を持つ。
90,エセー,モンテーニュ,フランス,フランス語,1595,1595,https://a.r10.to/hRcWD0,ミシェル・ド・モンテーニュの『エセー』は、16世紀フランスにおいて人間と世界を自由に考察した随想集である。著者自身の経験や読書を素材に、死や教育、友情、宗教など多岐にわたるテーマが論じられる。モンテーニュは「私は何を知るか」という懐疑の精神を基盤とし、絶対的真理よりも自己の生の観察を重視した。個人的体験を普遍的考察へと昇華し、人間存在の複雑さと多様性を受け入れる態度を示す。『エセー』は近代的自我の誕生を告げ、随筆という文学形式を確立した。読者はそこに、時代を超えた思索と親密な語りを感じ取ることができる。,「随筆」という形式を創始した作品で、自己省察と経験談が中心。,人間観察と古典引用を組み合わせた独自のスタイル。,近代思想や文学におけるエッセイ形式の源流となった。
91,ハドリアヌス帝の回想,ユルスナール,フランス／ベルギー,,1951,1951,https://a.r10.to/hFk38X,マルグリット・ユルスナールの『ハドリアヌス帝の回想』は、古代ローマ皇帝ハドリアヌスが自らの生涯を振り返るという形式をとった歴史小説である。皇帝は若き日の軍事経験から帝国統治の哲学、芸術への愛、そして若き恋人アントニヌスとの悲劇的な関係までを内省的に語る。物語は手紙という形で展開し、死を目前にした人間の省察と普遍的な知恵を湛える。ユルスナールは緻密な史料研究をもとに、古代の精神と現代的自我を融合させた。『ハドリアヌス帝の回想』は、権力者の告白を通じて生と死、愛と芸術、国家と個人の問題を深く問いかける、20世紀文学の傑作である。,古代ローマ皇帝の一人称回想録の形式で書かれた歴史小説。,史実と想像を融合させ、哲学的内省が重視されている。,人間と権力の関係を普遍的な問いとして提示する。
92,ガルガンチュアとパンタグリュエル,ラブレー,フランス,フランス語,1532,1534,https://a.r10.to/heKljV,フランソワ・ラブレーの『ガルガンチュアとパンタグリュエル』は、巨人親子の冒険を描いたルネサンス期の風刺的物語である。奇想天外なエピソードの連続は、権威主義や迷信を笑い飛ばし、人間の自由と理性を賛美する。食欲や飲酒、性に関する奔放な描写は下世話であると同時に、生命力の讃歌である。作品は百科事典的広がりを持ち、当時の学問、政治、宗教を風刺的に取り込んでいる。ラブレーの豊かな言語感覚と遊戯精神は、読者を愉快さと知的驚異に誘う。『ガルガンチュアとパンタグリュエル』は、ルネサンス的人文主義の自由な精神を体現した永遠の古典である。,巨人親子の物語を通じて、滑稽と風刺を融合したルネサンス文学。,百科全書的な知識と民衆的笑いが混在する。,言葉遊びや過剰描写が多く、文学的実験としての性格も強い。
93,見えない人間,ラルフ・エリスン,アメリカ合衆国,英語,1952,1952,https://a.r10.to/hg4T43,ラルフ・エリスンの『見えない人間』は、20世紀アメリカにおける黒人のアイデンティティと人種差別を鋭く描いた小説である。主人公は「見えない人間」として、自らの存在が社会に認識されない屈辱を語る。彼は南部の黒人大学から北部の都市へと移り、政治運動や社会の矛盾に巻き込まれるが、いずれの場所でも真の自己を見出せない。物語はリアリズムと象徴性を融合させ、アメリカ社会の虚偽と暴力を告発する。エリスンは力強い文体で黒人経験の普遍性を示し、同時に個人の存在の孤独を描き出した。『見えない人間』は、アメリカ文学における人種と自由の問題を象徴する金字塔である。,黒人差別をテーマに、匿名の語り手の経験を描いた。,アメリカ文学におけるアイデンティティ小説の金字塔。,社会批評と個人の探求が交錯する象徴的物語。
94,長くつ下のピッピ,リンドグレーン,スウェーデン,スウェーデン語,1945,1945,https://a.r10.to/hNKngW,リンドグレーンの『長くつ下のピッピ』は、自由奔放で型破りな少女ピッピの冒険を描く児童文学の古典である。赤毛のおさげに長靴下、怪力を誇る彼女は、仲間のトミーとアニカと共に奇想天外な日常を繰り広げる。大人の権威や社会の規範に縛られないピッピの姿は、子供たちに自由と独立の喜びを体現する。物語はユーモラスでありながら、人間の想像力と自立心を讃える寓話的要素を持つ。リンドグレーンは子供の視点を尊重し、遊びと冒険を通じて人生の豊かさを描いた。『長くつ下のピッピ』は、児童文学を超えて世界中の読者に愛される永遠の自由の象徴である。,自由奔放な少女像を打ち出し、児童文学の規範を覆した。,ピッピは子どもの自立と想像力の象徴とされる。,世界中で翻訳され、児童文学の普遍的アイコンとなった。
95,詩集,レオパルディ,イタリア,イタリア語,1818,1835,https://a.r10.to/h84QYT,ジャコモ・レオパルディの『詩集』は、19世紀イタリア詩の精髄を示す作品群であり、孤独と自然、存在の虚無を主題とする。詩人は自然を畏怖すべき力として捉え、人間の儚さを痛切に歌う。絶望的な視座に立ちながらも、その言葉は透徹した美しさを湛え、読者の魂を震わせる。『無限』や『金星に寄せる賛歌』などは、彼の哲学的悲観主義を象徴する詩であり、同時に普遍的な感情を掬い上げる。レオパルディは孤独と苦悩の中で、言葉の力によって人間存在の意味を探り続けた。『詩集』は虚無の深淵を覗き込みつつ、言葉の光を紡ぐ傑作である。,孤独と自然観をテーマにした内省的詩風が特徴。,哲学的悲観主義を文学に昇華したと評価される。,イタリア抒情詩の頂点とされ、多くの詩人に影響を与えた。
96,息子と恋人,ロレンス,イギリス,英語,1913,1913,https://a.r10.to/hNfAMb,D・H・ロレンスの『息子と恋人』は、自伝的要素を含む長編であり、家族関係と恋愛を通して人間の成熟を描く。炭鉱町に生まれた青年ポールは、母親の強い愛情に縛られながらも、恋人ミリアムやクララとの関係に揺れる。母子の密接な関係は彼の精神的自立を妨げ、愛と欲望の葛藤を深めていく。物語は産業社会の労働環境や階級意識を背景に、個人の成長と葛藤をリアルに映し出す。ロレンスは心理描写に優れ、人間関係の複雑さを鮮烈に描いた。『息子と恋人』は近代小説の金字塔であり、母子関係と愛の問題を普遍的テーマとして提示する作品である。,家庭と恋愛の狭間で揺れる青年を描いた心理小説。,フロイト的要素を含み、母子関係が中心的テーマ。,イギリス小説における近代心理小説の代表例とされる。
97,トリストラム・シャンディ,ロレンス・スターン,アイルランド,英語,1760,1760,https://a.r10.to/hkaBae,ロレンス・スターンの『トリストラム・シャンディ』は、18世紀小説の形式を根底から覆す実験的作品である。主人公トリストラムの生涯を語るはずが、物語は脱線と digression に満ち、誕生の場面にさえなかなか辿り着かない。語り手はしばしば読者に語りかけ、ページには白紙や黒塗り、奇妙な図形まで挿入される。スターンは形式と内容を戯画化しながら、人間の思考や言語の逸脱性を軽妙に描き出した。物語の不連続性は近代小説の先駆を示し、セルフリフレクティブな構造は後世の実験文学に大きな影響を与えた。『トリストラム・シャンディ』は、笑いと混乱の中に人間存在の真実を映す奇書である。,物語の進行を絶えず脱線させる構造が特徴。,挿話や digression を多用する実験的形式。,メタフィクションの源流として評価される。
98,源氏物語,紫式部,日本,日本語,1000,1012,https://a.r10.to/hNx5Zs,紫式部の『源氏物語』は、平安時代に成立した世界最古の長編小説であり、光源氏の恋愛と栄華を中心に展開する。源氏はその美貌と才知で多くの女性と関わり、栄華を極めるが、やがて愛と権力の儚さを知る。物語は彼の死後も続き、次世代の物語へと移行し、人間の生と無常が深く描かれる。登場人物の心理は繊細に描写され、自然や季節の描写と響き合う。『源氏物語』は恋愛譚であると同時に、権力と無常観を織り込んだ哲学的作品でもある。千年を超えて読み継がれるその魅力は、言葉と感性の豊かさにある。日本文学の最高峰であり、世界文学史にも比類なき存在である。,世界最古の長編小説とされ、光源氏を中心とする宮廷物語。,恋愛・政治・宗教が交錯する多層的構成をもつ。,和歌の挿入や自然描写が日本文学の美学を形成した。
99,山の音,川端康成,日本,日本語,1954,1954,https://a.r10.to/hNcQI7,川端康成の『山の音』は、老境に差し掛かった男小野が、家族の崩壊と死の気配を前に抱く感覚を描いた小説である。老いと孤独の中で、彼は嫁と息子の不和、娘の苦悩を見つめつつ、自らの人生を回想する。山の音は死の到来を象徴し、自然の静謐と人間の不安が交錯する。川端は抒情的かつ簡潔な文体で、世代間の断絶と人間存在の儚さを表現した。戦後日本の不安定な時代背景の中で、家族と個人の在り方を問い直す作品である。『山の音』は、死と生の境界に立つ人間の感覚を繊細に捉えた川端文学の代表作の一つである。,老境の男性の視点を通じ、家族や死の気配を静かに描く。,川端文学特有の繊細な感覚表現が際立つ。,日本の戦後文学における精神性の探求を示す。
100,狂人日記 他短編,魯迅,中国,中国語,1918,1918,https://a.r10.to/hR4qtd,魯迅の『狂人日記』は、中国近代文学の出発点とされる短編小説である。物語は「狂人」の視点から日記形式で語られ、周囲の人々が実は人肉を食べているのではないかという妄想に囚われる。これは封建制度や儒教道徳を「人食い」に喩えた痛烈な社会批判である。狂気の語りは社会の抑圧構造を暴き出し、同時に個人の孤立と不安を象徴する。魯迅は鋭い言語で伝統を告発し、新しい主体の誕生を予告した。『狂人日記』は短編ながら、中国文学と思想に決定的転換をもたらした革新的作品である。他の短編とともに、人間存在の苦悩と抵抗を鋭く描き出し、今日まで強い影響を与え続けている。,中国初の白話体小説とされ、封建社会批判の象徴的作品。,「狂人」の視点から社会の異常性を描き出す。,近代中国文学の出発点と評価されている。
